UserID,Preferences,Gender,NumberOfAdults,NumberOfChildren,Nature_Interest,Culture_Interest,Adventure_Interest,Food_Interest,Wellness_Interest,Entertainment_Interest,Shopping_Interest,Family_Interest,Cluster
1,"Beaches, Historical",Female,1,0,4.0,3.0,1.0,1.0,1.0,1.0,1.0,1.0,2
2,"Nature, Adventure",Male,2,2,3.0,1.0,3.0,1.0,1.0,1.0,1.0,1.0,1
3,"City, Historical",Female,2,0,1.0,3.0,1.0,1.0,1.0,1.0,1.0,1.0,0
4,"Beaches, Historical",Female,1,0,4.0,3.0,1.0,1.0,1.0,1.0,1.0,1.0,2
5,"Nature, Adventure",Female,2,2,3.0,1.0,3.0,1.0,1.0,1.0,1.0,1.0,1
6,"City, Historical",Male,2,0,1.0,3.0,1.0,1.0,1.0,1.0,1.0,1.0,0
7,"Beaches, Historical",Male,2,1,4.0,3.0,1.0,1.0,1.0,1.0,1.0,1.0,2
8,"Nature, Adventure",Male,2,2,3.0,1.0,3.0,1.0,1.0,1.0,1.0,1.0,1
9,"City, Historical",Female,2,0,1.0,3.0,1.0,1.0,1.0,1.0,1.0,1.0,0
10,"Beaches, Historical",Male,2,2,4.0,3.0,1.0,1.0,1.0,1.0,1.0,1.0,2
11,"Nature, Adventure",Male,2,2,3.0,1.0,3.0,1.0,1.0,1.0,1.0,1.0,1
12,"City, Historical",Female,1,1,1.0,3.0,1.0,1.0,1.0,1.0,1.0,1.0,0
13,"Beaches, Historical",Male,1,2,4.0,3.0,1.0,1.0,1.0,1.0,1.0,1.0,2
14,"Nature, Adventure",Female,2,2,3.0,1.0,3.0,1.0,1.0,1.0,1.0,1.0,1
15,"City, Historical",Male,1,2,1.0,3.0,1.0,1.0,1.0,1.0,1.0,1.0,0
16,"Beaches, Historical",Female,1,2,4.0,3.0,1.0,1.0,1.0,1.0,1.0,1.0,2
17,"Nature, Adventure",Female,1,2,3.0,1.0,3.0,1.0,1.0,1.0,1.0,1.0,1
18,"City, Historical",Male,1,0,1.0,3.0,1.0,1.0,1.0,1.0,1.0,1.0,0
19,"Beaches, Historical",Female,1,2,4.0,3.0,1.0,1.0,1.0,1.0,1.0,1.0,2
20,"Nature, Adventure",Female,2,0,3.0,1.0,3.0,1.0,1.0,1.0,1.0,1.0,1
21,"City, Historical",Male,1,0,1.0,3.0,1.0,1.0,1.0,1.0,1.0,1.0,0
22,"Beaches, Historical",Male,2,1,4.0,3.0,1.0,1.0,1.0,1.0,1.0,1.0,2
23,"Nature, Adventure",Male,2,1,3.0,1.0,3.0,1.0,1.0,1.0,1.0,1.0,1
24,"City, Historical",Male,1,2,1.0,3.0,1.0,1.0,1.0,1.0,1.0,1.0,0
25,"Beaches, Historical",Female,1,1,4.0,3.0,1.0,1.0,1.0,1.0,1.0,1.0,2
26,"Nature, Adventure",Male,2,0,3.0,1.0,3.0,1.0,1.0,1.0,1.0,1.0,1
27,"City, Historical",Female,2,2,1.0,3.0,1.0,1.0,1.0,1.0,1.0,1.0,0
28,"Beaches, Historical",Female,2,1,4.0,3.0,1.0,1.0,1.0,1.0,1.0,1.0,2
29,"Nature, Adventure",Female,2,0,3.0,1.0,3.0,1.0,1.0,1.0,1.0,1.0,1
30,"City, Historical",Female,1,1,1.0,3.0,1.0,1.0,1.0,1.0,1.0,1.0,0
31,"Beaches, Historical",Male,2,2,4.0,3.0,1.0,1.0,1.0,1.0,1.0,1.0,2
32,"Nature, Adventure",Female,1,1,3.0,1.0,3.0,1.0,1.0,1.0,1.0,1.0,1
33,"City, Historical",Male,2,2,1.0,3.0,1.0,1.0,1.0,1.0,1.0,1.0,0
34,"Beaches, Historical",Female,1,2,4.0,3.0,1.0,1.0,1.0,1.0,1.0,1.0,2
35,"Nature, Adventure",Male,2,1,3.0,1.0,3.0,1.0,1.0,1.0,1.0,1.0,1
36,"City, Historical",Male,2,2,1.0,3.0,1.0,1.0,1.0,1.0,1.0,1.0,0
37,"Beaches, Historical",Male,1,2,4.0,3.0,1.0,1.0,1.0,1.0,1.0,1.0,2
38,"Nature, Adventure",Female,2,2,3.0,1.0,3.0,1.0,1.0,1.0,1.0,1.0,1
39,"City, Historical",Male,2,2,1.0,3.0,1.0,1.0,1.0,1.0,1.0,1.0,0
40,"Beaches, Historical",Male,1,1,4.0,3.0,1.0,1.0,1.0,1.0,1.0,1.0,2
41,"Nature, Adventure",Male,1,2,3.0,1.0,3.0,1.0,1.0,1.0,1.0,1.0,1
42,"City, Historical",Female,2,2,1.0,3.0,1.0,1.0,1.0,1.0,1.0,1.0,0
43,"Beaches, Historical",Female,1,2,4.0,3.0,1.0,1.0,1.0,1.0,1.0,1.0,2
44,"Nature, Adventure",Male,2,2,3.0,1.0,3.0,1.0,1.0,1.0,1.0,1.0,1
45,"City, Historical",Female,2,0,1.0,3.0,1.0,1.0,1.0,1.0,1.0,1.0,0
46,"Beaches, Historical",Female,2,1,4.0,3.0,1.0,1.0,1.0,1.0,1.0,1.0,2
47,"Nature, Adventure",Female,2,1,3.0,1.0,3.0,1.0,1.0,1.0,1.0,1.0,1
48,"City, Historical",Male,2,0,1.0,3.0,1.0,1.0,1.0,1.0,1.0,1.0,0
49,"Beaches, Historical",Male,1,1,4.0,3.0,1.0,1.0,1.0,1.0,1.0,1.0,2
50,"Nature, Adventure",Female,2,0,3.0,1.0,3.0,1.0,1.0,1.0,1.0,1.0,1
51,"City, Historical",Male,1,1,1.0,3.0,1.0,1.0,1.0,1.0,1.0,1.0,0
52,"Beaches, Historical",Female,2,1,4.0,3.0,1.0,1.0,1.0,1.0,1.0,1.0,2
53,"Nature, Adventure",Male,2,2,3.0,1.0,3.0,1.0,1.0,1.0,1.0,1.0,1
54,"City, Historical",Male,2,0,1.0,3.0,1.0,1.0,1.0,1.0,1.0,1.0,0
55,"Beaches, Historical",Female,2,0,4.0,3.0,1.0,1.0,1.0,1.0,1.0,1.0,2
56,"Nature, Adventure",Male,1,1,3.0,1.0,3.0,1.0,1.0,1.0,1.0,1.0,1
57,"City, Historical",Male,2,0,1.0,3.0,1.0,1.0,1.0,1.0,1.0,1.0,0
58,"Beaches, Historical",Male,1,2,4.0,3.0,1.0,1.0,1.0,1.0,1.0,1.0,2
59,"Nature, Adventure",Male,1,1,3.0,1.0,3.0,1.0,1.0,1.0,1.0,1.0,1
60,"City, Historical",Male,2,1,1.0,3.0,1.0,1.0,1.0,1.0,1.0,1.0,0
61,"Beaches, Historical",Male,2,2,4.0,3.0,1.0,1.0,1.0,1.0,1.0,1.0,2
62,"Nature, Adventure",Male,1,0,3.0,1.0,3.0,1.0,1.0,1.0,1.0,1.0,1
63,"City, Historical",Male,2,0,1.0,3.0,1.0,1.0,1.0,1.0,1.0,1.0,0
64,"Beaches, Historical",Male,1,1,4.0,3.0,1.0,1.0,1.0,1.0,1.0,1.0,2
65,"Nature, Adventure",Female,2,1,3.0,1.0,3.0,1.0,1.0,1.0,1.0,1.0,1
66,"City, Historical",Male,1,2,1.0,3.0,1.0,1.0,1.0,1.0,1.0,1.0,0
67,"Beaches, Historical",Female,1,0,4.0,3.0,1.0,1.0,1.0,1.0,1.0,1.0,2
68,"Nature, Adventure",Male,1,0,3.0,1.0,3.0,1.0,1.0,1.0,1.0,1.0,1
69,"City, Historical",Male,1,0,1.0,3.0,1.0,1.0,1.0,1.0,1.0,1.0,0
70,"Beaches, Historical",Male,1,2,4.0,3.0,1.0,1.0,1.0,1.0,1.0,1.0,2
71,"Nature, Adventure",Female,2,2,3.0,1.0,3.0,1.0,1.0,1.0,1.0,1.0,1
72,"City, Historical",Male,2,1,1.0,3.0,1.0,1.0,1.0,1.0,1.0,1.0,0
73,"Beaches, Historical",Female,1,1,4.0,3.0,1.0,1.0,1.0,1.0,1.0,1.0,2
74,"Nature, Adventure",Male,1,1,3.0,1.0,3.0,1.0,1.0,1.0,1.0,1.0,1
75,"City, Historical",Male,1,1,1.0,3.0,1.0,1.0,1.0,1.0,1.0,1.0,0
76,"Beaches, Historical",Female,2,0,4.0,3.0,1.0,1.0,1.0,1.0,1.0,1.0,2
77,"Nature, Adventure",Male,2,0,3.0,1.0,3.0,1.0,1.0,1.0,1.0,1.0,1
78,"City, Historical",Male,1,0,1.0,3.0,1.0,1.0,1.0,1.0,1.0,1.0,0
79,"Beaches, Historical",Male,2,0,4.0,3.0,1.0,1.0,1.0,1.0,1.0,1.0,2
80,"Nature, Adventure",Female,1,2,3.0,1.0,3.0,1.0,1.0,1.0,1.0,1.0,1
81,"City, Historical",Female,1,2,1.0,3.0,1.0,1.0,1.0,1.0,1.0,1.0,0
82,"Beaches, Historical",Male,2,0,4.0,3.0,1.0,1.0,1.0,1.0,1.0,1.0,2
83,"Nature, Adventure",Female,1,1,3.0,1.0,3.0,1.0,1.0,1.0,1.0,1.0,1
84,"City, Historical",Female,2,0,1.0,3.0,1.0,1.0,1.0,1.0,1.0,1.0,0
85,"Beaches, Historical",Female,2,1,4.0,3.0,1.0,1.0,1.0,1.0,1.0,1.0,2
86,"Nature, Adventure",Male,2,2,3.0,1.0,3.0,1.0,1.0,1.0,1.0,1.0,1
87,"City, Historical",Male,2,2,1.0,3.0,1.0,1.0,1.0,1.0,1.0,1.0,0
88,"Beaches, Historical",Male,2,1,4.0,3.0,1.0,1.0,1.0,1.0,1.0,1.0,2
89,"Nature, Adventure",Male,2,0,3.0,1.0,3.0,1.0,1.0,1.0,1.0,1.0,1
90,"City, Historical",Female,1,0,1.0,3.0,1.0,1.0,1.0,1.0,1.0,1.0,0
91,"Beaches, Historical",Male,2,1,4.0,3.0,1.0,1.0,1.0,1.0,1.0,1.0,2
92,"Nature, Adventure",Female,2,0,3.0,1.0,3.0,1.0,1.0,1.0,1.0,1.0,1
93,"City, Historical",Female,1,0,1.0,3.0,1.0,1.0,1.0,1.0,1.0,1.0,0
94,"Beaches, Historical",Male,1,2,4.0,3.0,1.0,1.0,1.0,1.0,1.0,1.0,2
95,"Nature, Adventure",Female,2,1,3.0,1.0,3.0,1.0,1.0,1.0,1.0,1.0,1
96,"City, Historical",Male,1,0,1.0,3.0,1.0,1.0,1.0,1.0,1.0,1.0,0
97,"Beaches, Historical",Male,1,2,4.0,3.0,1.0,1.0,1.0,1.0,1.0,1.0,2
98,"Nature, Adventure",Male,2,0,3.0,1.0,3.0,1.0,1.0,1.0,1.0,1.0,1
99,"City, Historical",Male,2,0,1.0,3.0,1.0,1.0,1.0,1.0,1.0,1.0,0
100,"Beaches, Historical",Female,1,1,4.0,3.0,1.0,1.0,1.0,1.0,1.0,1.0,2
101,"Nature, Adventure",Female,2,0,3.0,1.0,3.0,1.0,1.0,1.0,1.0,1.0,1
102,"City, Historical",Female,1,2,1.0,3.0,1.0,1.0,1.0,1.0,1.0,1.0,0
103,"Beaches, Historical",Female,1,0,4.0,3.0,1.0,1.0,1.0,1.0,1.0,1.0,2
104,"Nature, Adventure",Male,2,1,3.0,1.0,3.0,1.0,1.0,1.0,1.0,1.0,1
105,"City, Historical",Male,1,0,1.0,3.0,1.0,1.0,1.0,1.0,1.0,1.0,0
106,"Beaches, Historical",Male,1,0,4.0,3.0,1.0,1.0,1.0,1.0,1.0,1.0,2
107,"Nature, Adventure",Female,1,1,3.0,1.0,3.0,1.0,1.0,1.0,1.0,1.0,1
108,"City, Historical",Male,2,0,1.0,3.0,1.0,1.0,1.0,1.0,1.0,1.0,0
109,"Beaches, Historical",Female,2,0,4.0,3.0,1.0,1.0,1.0,1.0,1.0,1.0,2
110,"Nature, Adventure",Female,1,1,3.0,1.0,3.0,1.0,1.0,1.0,1.0,1.0,1
111,"City, Historical",Male,2,0,1.0,3.0,1.0,1.0,1.0,1.0,1.0,1.0,0
112,"Beaches, Historical",Male,1,2,4.0,3.0,1.0,1.0,1.0,1.0,1.0,1.0,2
113,"Nature, Adventure",Male,1,0,3.0,1.0,3.0,1.0,1.0,1.0,1.0,1.0,1
114,"City, Historical",Male,1,0,1.0,3.0,1.0,1.0,1.0,1.0,1.0,1.0,0
115,"Beaches, Historical",Female,1,1,4.0,3.0,1.0,1.0,1.0,1.0,1.0,1.0,2
116,"Nature, Adventure",Male,1,1,3.0,1.0,3.0,1.0,1.0,1.0,1.0,1.0,1
117,"City, Historical",Male,2,1,1.0,3.0,1.0,1.0,1.0,1.0,1.0,1.0,0
118,"Beaches, Historical",Male,1,1,4.0,3.0,1.0,1.0,1.0,1.0,1.0,1.0,2
119,"Nature, Adventure",Male,2,0,3.0,1.0,3.0,1.0,1.0,1.0,1.0,1.0,1
120,"City, Historical",Male,1,2,1.0,3.0,1.0,1.0,1.0,1.0,1.0,1.0,0
121,"Beaches, Historical",Female,2,2,4.0,3.0,1.0,1.0,1.0,1.0,1.0,1.0,2
122,"Nature, Adventure",Male,2,2,3.0,1.0,3.0,1.0,1.0,1.0,1.0,1.0,1
123,"City, Historical",Female,2,1,1.0,3.0,1.0,1.0,1.0,1.0,1.0,1.0,0
124,"Beaches, Historical",Male,2,0,4.0,3.0,1.0,1.0,1.0,1.0,1.0,1.0,2
125,"Nature, Adventure",Female,2,0,3.0,1.0,3.0,1.0,1.0,1.0,1.0,1.0,1
126,"City, Historical",Female,1,0,1.0,3.0,1.0,1.0,1.0,1.0,1.0,1.0,0
127,"Beaches, Historical",Female,2,2,4.0,3.0,1.0,1.0,1.0,1.0,1.0,1.0,2
128,"Nature, Adventure",Male,2,2,3.0,1.0,3.0,1.0,1.0,1.0,1.0,1.0,1
129,"City, Historical",Male,2,1,1.0,3.0,1.0,1.0,1.0,1.0,1.0,1.0,0
130,"Beaches, Historical",Male,2,2,4.0,3.0,1.0,1.0,1.0,1.0,1.0,1.0,2
131,"Nature, Adventure",Female,1,2,3.0,1.0,3.0,1.0,1.0,1.0,1.0,1.0,1
132,"City, Historical",Female,2,2,1.0,3.0,1.0,1.0,1.0,1.0,1.0,1.0,0
133,"Beaches, Historical",Male,2,2,4.0,3.0,1.0,1.0,1.0,1.0,1.0,1.0,2
134,"Nature, Adventure",Female,1,0,3.0,1.0,3.0,1.0,1.0,1.0,1.0,1.0,1
135,"City, Historical",Female,1,2,1.0,3.0,1.0,1.0,1.0,1.0,1.0,1.0,0
136,"Beaches, Historical",Male,2,2,4.0,3.0,1.0,1.0,1.0,1.0,1.0,1.0,2
137,"Nature, Adventure",Female,1,2,3.0,1.0,3.0,1.0,1.0,1.0,1.0,1.0,1
138,"City, Historical",Female,1,2,1.0,3.0,1.0,1.0,1.0,1.0,1.0,1.0,0
139,"Beaches, Historical",Male,1,2,4.0,3.0,1.0,1.0,1.0,1.0,1.0,1.0,2
140,"Nature, Adventure",Female,1,2,3.0,1.0,3.0,1.0,1.0,1.0,1.0,1.0,1
141,"City, Historical",Female,2,1,1.0,3.0,1.0,1.0,1.0,1.0,1.0,1.0,0
142,"Beaches, Historical",Male,2,1,4.0,3.0,1.0,1.0,1.0,1.0,1.0,1.0,2
143,"Nature, Adventure",Male,1,0,3.0,1.0,3.0,1.0,1.0,1.0,1.0,1.0,1
144,"City, Historical",Female,1,1,1.0,3.0,1.0,1.0,1.0,1.0,1.0,1.0,0
145,"Beaches, Historical",Male,2,0,4.0,3.0,1.0,1.0,1.0,1.0,1.0,1.0,2
146,"Nature, Adventure",Female,1,1,3.0,1.0,3.0,1.0,1.0,1.0,1.0,1.0,1
147,"City, Historical",Female,2,1,1.0,3.0,1.0,1.0,1.0,1.0,1.0,1.0,0
148,"Beaches, Historical",Male,2,1,4.0,3.0,1.0,1.0,1.0,1.0,1.0,1.0,2
149,"Nature, Adventure",Male,2,0,3.0,1.0,3.0,1.0,1.0,1.0,1.0,1.0,1
150,"City, Historical",Male,2,0,1.0,3.0,1.0,1.0,1.0,1.0,1.0,1.0,0
151,"Beaches, Historical",Female,1,1,4.0,3.0,1.0,1.0,1.0,1.0,1.0,1.0,2
152,"Nature, Adventure",Male,1,1,3.0,1.0,3.0,1.0,1.0,1.0,1.0,1.0,1
153,"City, Historical",Female,1,0,1.0,3.0,1.0,1.0,1.0,1.0,1.0,1.0,0
154,"Beaches, Historical",Female,2,0,4.0,3.0,1.0,1.0,1.0,1.0,1.0,1.0,2
155,"Nature, Adventure",Male,1,1,3.0,1.0,3.0,1.0,1.0,1.0,1.0,1.0,1
156,"City, Historical",Female,2,1,1.0,3.0,1.0,1.0,1.0,1.0,1.0,1.0,0
157,"Beaches, Historical",Female,2,1,4.0,3.0,1.0,1.0,1.0,1.0,1.0,1.0,2
158,"Nature, Adventure",Male,2,1,3.0,1.0,3.0,1.0,1.0,1.0,1.0,1.0,1
159,"City, Historical",Male,1,0,1.0,3.0,1.0,1.0,1.0,1.0,1.0,1.0,0
160,"Beaches, Historical",Female,2,2,4.0,3.0,1.0,1.0,1.0,1.0,1.0,1.0,2
161,"Nature, Adventure",Female,1,0,3.0,1.0,3.0,1.0,1.0,1.0,1.0,1.0,1
162,"City, Historical",Male,1,0,1.0,3.0,1.0,1.0,1.0,1.0,1.0,1.0,0
163,"Beaches, Historical",Female,2,2,4.0,3.0,1.0,1.0,1.0,1.0,1.0,1.0,2
164,"Nature, Adventure",Male,1,2,3.0,1.0,3.0,1.0,1.0,1.0,1.0,1.0,1
165,"City, Historical",Male,2,0,1.0,3.0,1.0,1.0,1.0,1.0,1.0,1.0,0
166,"Beaches, Historical",Male,2,0,4.0,3.0,1.0,1.0,1.0,1.0,1.0,1.0,2
167,"Nature, Adventure",Male,1,2,3.0,1.0,3.0,1.0,1.0,1.0,1.0,1.0,1
168,"City, Historical",Female,1,2,1.0,3.0,1.0,1.0,1.0,1.0,1.0,1.0,0
169,"Beaches, Historical",Female,2,2,4.0,3.0,1.0,1.0,1.0,1.0,1.0,1.0,2
170,"Nature, Adventure",Female,1,0,3.0,1.0,3.0,1.0,1.0,1.0,1.0,1.0,1
171,"City, Historical",Male,2,1,1.0,3.0,1.0,1.0,1.0,1.0,1.0,1.0,0
172,"Beaches, Historical",Male,1,2,4.0,3.0,1.0,1.0,1.0,1.0,1.0,1.0,2
173,"Nature, Adventure",Male,2,1,3.0,1.0,3.0,1.0,1.0,1.0,1.0,1.0,1
174,"City, Historical",Male,1,1,1.0,3.0,1.0,1.0,1.0,1.0,1.0,1.0,0
175,"Beaches, Historical",Male,2,0,4.0,3.0,1.0,1.0,1.0,1.0,1.0,1.0,2
176,"Nature, Adventure",Male,1,0,3.0,1.0,3.0,1.0,1.0,1.0,1.0,1.0,1
177,"City, Historical",Male,2,1,1.0,3.0,1.0,1.0,1.0,1.0,1.0,1.0,0
178,"Beaches, Historical",Female,1,0,4.0,3.0,1.0,1.0,1.0,1.0,1.0,1.0,2
179,"Nature, Adventure",Male,1,2,3.0,1.0,3.0,1.0,1.0,1.0,1.0,1.0,1
180,"City, Historical",Female,1,2,1.0,3.0,1.0,1.0,1.0,1.0,1.0,1.0,0
181,"Beaches, Historical",Male,2,1,4.0,3.0,1.0,1.0,1.0,1.0,1.0,1.0,2
182,"Nature, Adventure",Male,1,1,3.0,1.0,3.0,1.0,1.0,1.0,1.0,1.0,1
183,"City, Historical",Male,2,2,1.0,3.0,1.0,1.0,1.0,1.0,1.0,1.0,0
184,"Beaches, Historical",Male,1,2,4.0,3.0,1.0,1.0,1.0,1.0,1.0,1.0,2
185,"Nature, Adventure",Female,2,1,3.0,1.0,3.0,1.0,1.0,1.0,1.0,1.0,1
186,"City, Historical",Male,1,2,1.0,3.0,1.0,1.0,1.0,1.0,1.0,1.0,0
187,"Beaches, Historical",Female,1,0,4.0,3.0,1.0,1.0,1.0,1.0,1.0,1.0,2
188,"Nature, Adventure",Female,1,0,3.0,1.0,3.0,1.0,1.0,1.0,1.0,1.0,1
189,"City, Historical",Female,1,1,1.0,3.0,1.0,1.0,1.0,1.0,1.0,1.0,0
190,"Beaches, Historical",Female,1,0,4.0,3.0,1.0,1.0,1.0,1.0,1.0,1.0,2
191,"Nature, Adventure",Male,2,1,3.0,1.0,3.0,1.0,1.0,1.0,1.0,1.0,1
192,"City, Historical",Male,1,0,1.0,3.0,1.0,1.0,1.0,1.0,1.0,1.0,0
193,"Beaches, Historical",Female,1,0,4.0,3.0,1.0,1.0,1.0,1.0,1.0,1.0,2
194,"Nature, Adventure",Female,2,1,3.0,1.0,3.0,1.0,1.0,1.0,1.0,1.0,1
195,"City, Historical",Male,1,2,1.0,3.0,1.0,1.0,1.0,1.0,1.0,1.0,0
196,"Beaches, Historical",Male,1,1,4.0,3.0,1.0,1.0,1.0,1.0,1.0,1.0,2
197,"Nature, Adventure",Female,1,1,3.0,1.0,3.0,1.0,1.0,1.0,1.0,1.0,1
198,"City, Historical",Male,2,2,1.0,3.0,1.0,1.0,1.0,1.0,1.0,1.0,0
199,"Beaches, Historical",Male,1,0,4.0,3.0,1.0,1.0,1.0,1.0,1.0,1.0,2
200,"Nature, Adventure",Male,1,1,3.0,1.0,3.0,1.0,1.0,1.0,1.0,1.0,1
201,"City, Historical",Male,2,1,1.0,3.0,1.0,1.0,1.0,1.0,1.0,1.0,0
202,"Beaches, Historical",Male,1,1,4.0,3.0,1.0,1.0,1.0,1.0,1.0,1.0,2
203,"Nature, Adventure",Female,2,0,3.0,1.0,3.0,1.0,1.0,1.0,1.0,1.0,1
204,"City, Historical",Male,1,0,1.0,3.0,1.0,1.0,1.0,1.0,1.0,1.0,0
205,"Beaches, Historical",Female,1,2,4.0,3.0,1.0,1.0,1.0,1.0,1.0,1.0,2
206,"Nature, Adventure",Female,2,1,3.0,1.0,3.0,1.0,1.0,1.0,1.0,1.0,1
207,"City, Historical",Male,2,2,1.0,3.0,1.0,1.0,1.0,1.0,1.0,1.0,0
208,"Beaches, Historical",Male,1,2,4.0,3.0,1.0,1.0,1.0,1.0,1.0,1.0,2
209,"Nature, Adventure",Male,1,1,3.0,1.0,3.0,1.0,1.0,1.0,1.0,1.0,1
210,"City, Historical",Male,1,1,1.0,3.0,1.0,1.0,1.0,1.0,1.0,1.0,0
211,"Beaches, Historical",Female,2,2,4.0,3.0,1.0,1.0,1.0,1.0,1.0,1.0,2
212,"Nature, Adventure",Female,2,0,3.0,1.0,3.0,1.0,1.0,1.0,1.0,1.0,1
213,"City, Historical",Male,1,2,1.0,3.0,1.0,1.0,1.0,1.0,1.0,1.0,0
214,"Beaches, Historical",Male,1,0,4.0,3.0,1.0,1.0,1.0,1.0,1.0,1.0,2
215,"Nature, Adventure",Female,1,0,3.0,1.0,3.0,1.0,1.0,1.0,1.0,1.0,1
216,"City, Historical",Female,1,2,1.0,3.0,1.0,1.0,1.0,1.0,1.0,1.0,0
217,"Beaches, Historical",Male,1,1,4.0,3.0,1.0,1.0,1.0,1.0,1.0,1.0,2
218,"Nature, Adventure",Female,2,2,3.0,1.0,3.0,1.0,1.0,1.0,1.0,1.0,1
219,"City, Historical",Female,1,2,1.0,3.0,1.0,1.0,1.0,1.0,1.0,1.0,0
220,"Beaches, Historical",Female,2,0,4.0,3.0,1.0,1.0,1.0,1.0,1.0,1.0,2
221,"Nature, Adventure",Male,1,2,3.0,1.0,3.0,1.0,1.0,1.0,1.0,1.0,1
222,"City, Historical",Male,1,1,1.0,3.0,1.0,1.0,1.0,1.0,1.0,1.0,0
223,"Beaches, Historical",Female,1,2,4.0,3.0,1.0,1.0,1.0,1.0,1.0,1.0,2
224,"Nature, Adventure",Male,2,2,3.0,1.0,3.0,1.0,1.0,1.0,1.0,1.0,1
225,"City, Historical",Female,2,0,1.0,3.0,1.0,1.0,1.0,1.0,1.0,1.0,0
226,"Beaches, Historical",Female,2,1,4.0,3.0,1.0,1.0,1.0,1.0,1.0,1.0,2
227,"Nature, Adventure",Male,1,1,3.0,1.0,3.0,1.0,1.0,1.0,1.0,1.0,1
228,"City, Historical",Female,1,0,1.0,3.0,1.0,1.0,1.0,1.0,1.0,1.0,0
229,"Beaches, Historical",Male,2,1,4.0,3.0,1.0,1.0,1.0,1.0,1.0,1.0,2
230,"Nature, Adventure",Female,2,1,3.0,1.0,3.0,1.0,1.0,1.0,1.0,1.0,1
231,"City, Historical",Female,2,2,1.0,3.0,1.0,1.0,1.0,1.0,1.0,1.0,0
232,"Beaches, Historical",Male,2,0,4.0,3.0,1.0,1.0,1.0,1.0,1.0,1.0,2
233,"Nature, Adventure",Male,1,1,3.0,1.0,3.0,1.0,1.0,1.0,1.0,1.0,1
234,"City, Historical",Male,1,0,1.0,3.0,1.0,1.0,1.0,1.0,1.0,1.0,0
235,"Beaches, Historical",Male,1,2,4.0,3.0,1.0,1.0,1.0,1.0,1.0,1.0,2
236,"Nature, Adventure",Male,2,1,3.0,1.0,3.0,1.0,1.0,1.0,1.0,1.0,1
237,"City, Historical",Female,2,0,1.0,3.0,1.0,1.0,1.0,1.0,1.0,1.0,0
238,"Beaches, Historical",Female,1,1,4.0,3.0,1.0,1.0,1.0,1.0,1.0,1.0,2
239,"Nature, Adventure",Male,2,0,3.0,1.0,3.0,1.0,1.0,1.0,1.0,1.0,1
240,"City, Historical",Female,1,2,1.0,3.0,1.0,1.0,1.0,1.0,1.0,1.0,0
241,"Beaches, Historical",Female,1,2,4.0,3.0,1.0,1.0,1.0,1.0,1.0,1.0,2
242,"Nature, Adventure",Female,2,1,3.0,1.0,3.0,1.0,1.0,1.0,1.0,1.0,1
243,"City, Historical",Female,1,1,1.0,3.0,1.0,1.0,1.0,1.0,1.0,1.0,0
244,"Beaches, Historical",Male,2,0,4.0,3.0,1.0,1.0,1.0,1.0,1.0,1.0,2
245,"Nature, Adventure",Male,2,1,3.0,1.0,3.0,1.0,1.0,1.0,1.0,1.0,1
246,"City, Historical",Female,2,2,1.0,3.0,1.0,1.0,1.0,1.0,1.0,1.0,0
247,"Beaches, Historical",Female,2,2,4.0,3.0,1.0,1.0,1.0,1.0,1.0,1.0,2
248,"Nature, Adventure",Female,1,2,3.0,1.0,3.0,1.0,1.0,1.0,1.0,1.0,1
249,"City, Historical",Male,1,1,1.0,3.0,1.0,1.0,1.0,1.0,1.0,1.0,0
250,"Beaches, Historical",Male,1,0,4.0,3.0,1.0,1.0,1.0,1.0,1.0,1.0,2
251,"Nature, Adventure",Female,2,2,3.0,1.0,3.0,1.0,1.0,1.0,1.0,1.0,1
252,"City, Historical",Male,2,2,1.0,3.0,1.0,1.0,1.0,1.0,1.0,1.0,0
253,"Beaches, Historical",Male,2,1,4.0,3.0,1.0,1.0,1.0,1.0,1.0,1.0,2
254,"Nature, Adventure",Female,1,1,3.0,1.0,3.0,1.0,1.0,1.0,1.0,1.0,1
255,"City, Historical",Female,2,1,1.0,3.0,1.0,1.0,1.0,1.0,1.0,1.0,0
256,"Beaches, Historical",Male,2,1,4.0,3.0,1.0,1.0,1.0,1.0,1.0,1.0,2
257,"Nature, Adventure",Female,2,0,3.0,1.0,3.0,1.0,1.0,1.0,1.0,1.0,1
258,"City, Historical",Male,2,1,1.0,3.0,1.0,1.0,1.0,1.0,1.0,1.0,0
259,"Beaches, Historical",Male,1,0,4.0,3.0,1.0,1.0,1.0,1.0,1.0,1.0,2
260,"Nature, Adventure",Female,1,0,3.0,1.0,3.0,1.0,1.0,1.0,1.0,1.0,1
261,"City, Historical",Male,2,2,1.0,3.0,1.0,1.0,1.0,1.0,1.0,1.0,0
262,"Beaches, Historical",Female,2,2,4.0,3.0,1.0,1.0,1.0,1.0,1.0,1.0,2
263,"Nature, Adventure",Male,1,1,3.0,1.0,3.0,1.0,1.0,1.0,1.0,1.0,1
264,"City, Historical",Female,1,2,1.0,3.0,1.0,1.0,1.0,1.0,1.0,1.0,0
265,"Beaches, Historical",Male,1,0,4.0,3.0,1.0,1.0,1.0,1.0,1.0,1.0,2
266,"Nature, Adventure",Male,2,1,3.0,1.0,3.0,1.0,1.0,1.0,1.0,1.0,1
267,"City, Historical",Female,2,1,1.0,3.0,1.0,1.0,1.0,1.0,1.0,1.0,0
268,"Beaches, Historical",Female,1,1,4.0,3.0,1.0,1.0,1.0,1.0,1.0,1.0,2
269,"Nature, Adventure",Male,2,1,3.0,1.0,3.0,1.0,1.0,1.0,1.0,1.0,1
270,"City, Historical",Male,2,2,1.0,3.0,1.0,1.0,1.0,1.0,1.0,1.0,0
271,"Beaches, Historical",Male,2,1,4.0,3.0,1.0,1.0,1.0,1.0,1.0,1.0,2
272,"Nature, Adventure",Male,2,0,3.0,1.0,3.0,1.0,1.0,1.0,1.0,1.0,1
273,"City, Historical",Male,2,1,1.0,3.0,1.0,1.0,1.0,1.0,1.0,1.0,0
274,"Beaches, Historical",Male,1,2,4.0,3.0,1.0,1.0,1.0,1.0,1.0,1.0,2
275,"Nature, Adventure",Female,1,0,3.0,1.0,3.0,1.0,1.0,1.0,1.0,1.0,1
276,"City, Historical",Male,1,2,1.0,3.0,1.0,1.0,1.0,1.0,1.0,1.0,0
277,"Beaches, Historical",Male,2,2,4.0,3.0,1.0,1.0,1.0,1.0,1.0,1.0,2
278,"Nature, Adventure",Male,1,2,3.0,1.0,3.0,1.0,1.0,1.0,1.0,1.0,1
279,"City, Historical",Male,2,2,1.0,3.0,1.0,1.0,1.0,1.0,1.0,1.0,0
280,"Beaches, Historical",Female,1,1,4.0,3.0,1.0,1.0,1.0,1.0,1.0,1.0,2
281,"Nature, Adventure",Male,2,2,3.0,1.0,3.0,1.0,1.0,1.0,1.0,1.0,1
282,"City, Historical",Male,2,1,1.0,3.0,1.0,1.0,1.0,1.0,1.0,1.0,0
283,"Beaches, Historical",Female,1,1,4.0,3.0,1.0,1.0,1.0,1.0,1.0,1.0,2
284,"Nature, Adventure",Female,1,2,3.0,1.0,3.0,1.0,1.0,1.0,1.0,1.0,1
285,"City, Historical",Female,1,0,1.0,3.0,1.0,1.0,1.0,1.0,1.0,1.0,0
286,"Beaches, Historical",Male,2,2,4.0,3.0,1.0,1.0,1.0,1.0,1.0,1.0,2
287,"Nature, Adventure",Female,1,2,3.0,1.0,3.0,1.0,1.0,1.0,1.0,1.0,1
288,"City, Historical",Female,1,1,1.0,3.0,1.0,1.0,1.0,1.0,1.0,1.0,0
289,"Beaches, Historical",Male,2,1,4.0,3.0,1.0,1.0,1.0,1.0,1.0,1.0,2
290,"Nature, Adventure",Female,2,1,3.0,1.0,3.0,1.0,1.0,1.0,1.0,1.0,1
291,"City, Historical",Male,2,1,1.0,3.0,1.0,1.0,1.0,1.0,1.0,1.0,0
292,"Beaches, Historical",Male,2,2,4.0,3.0,1.0,1.0,1.0,1.0,1.0,1.0,2
293,"Nature, Adventure",Female,1,0,3.0,1.0,3.0,1.0,1.0,1.0,1.0,1.0,1
294,"City, Historical",Male,2,0,1.0,3.0,1.0,1.0,1.0,1.0,1.0,1.0,0
295,"Beaches, Historical",Male,1,0,4.0,3.0,1.0,1.0,1.0,1.0,1.0,1.0,2
296,"Nature, Adventure",Male,1,0,3.0,1.0,3.0,1.0,1.0,1.0,1.0,1.0,1
297,"City, Historical",Male,1,1,1.0,3.0,1.0,1.0,1.0,1.0,1.0,1.0,0
298,"Beaches, Historical",Female,1,2,4.0,3.0,1.0,1.0,1.0,1.0,1.0,1.0,2
299,"Nature, Adventure",Female,2,1,3.0,1.0,3.0,1.0,1.0,1.0,1.0,1.0,1
300,"City, Historical",Female,2,1,1.0,3.0,1.0,1.0,1.0,1.0,1.0,1.0,0
301,"Beaches, Historical",Female,2,2,4.0,3.0,1.0,1.0,1.0,1.0,1.0,1.0,2
302,"Nature, Adventure",Male,1,2,3.0,1.0,3.0,1.0,1.0,1.0,1.0,1.0,1
303,"City, Historical",Female,2,2,1.0,3.0,1.0,1.0,1.0,1.0,1.0,1.0,0
304,"Beaches, Historical",Male,1,1,4.0,3.0,1.0,1.0,1.0,1.0,1.0,1.0,2
305,"Nature, Adventure",Female,1,0,3.0,1.0,3.0,1.0,1.0,1.0,1.0,1.0,1
306,"City, Historical",Female,2,1,1.0,3.0,1.0,1.0,1.0,1.0,1.0,1.0,0
307,"Beaches, Historical",Female,2,1,4.0,3.0,1.0,1.0,1.0,1.0,1.0,1.0,2
308,"Nature, Adventure",Female,2,2,3.0,1.0,3.0,1.0,1.0,1.0,1.0,1.0,1
309,"City, Historical",Female,2,1,1.0,3.0,1.0,1.0,1.0,1.0,1.0,1.0,0
310,"Beaches, Historical",Male,2,0,4.0,3.0,1.0,1.0,1.0,1.0,1.0,1.0,2
311,"Nature, Adventure",Female,2,0,3.0,1.0,3.0,1.0,1.0,1.0,1.0,1.0,1
312,"City, Historical",Male,1,1,1.0,3.0,1.0,1.0,1.0,1.0,1.0,1.0,0
313,"Beaches, Historical",Female,1,2,4.0,3.0,1.0,1.0,1.0,1.0,1.0,1.0,2
314,"Nature, Adventure",Female,2,1,3.0,1.0,3.0,1.0,1.0,1.0,1.0,1.0,1
315,"City, Historical",Male,2,0,1.0,3.0,1.0,1.0,1.0,1.0,1.0,1.0,0
316,"Beaches, Historical",Female,2,0,4.0,3.0,1.0,1.0,1.0,1.0,1.0,1.0,2
317,"Nature, Adventure",Male,2,1,3.0,1.0,3.0,1.0,1.0,1.0,1.0,1.0,1
318,"City, Historical",Female,2,0,1.0,3.0,1.0,1.0,1.0,1.0,1.0,1.0,0
319,"Beaches, Historical",Female,2,1,4.0,3.0,1.0,1.0,1.0,1.0,1.0,1.0,2
320,"Nature, Adventure",Female,2,0,3.0,1.0,3.0,1.0,1.0,1.0,1.0,1.0,1
321,"City, Historical",Female,2,2,1.0,3.0,1.0,1.0,1.0,1.0,1.0,1.0,0
322,"Beaches, Historical",Female,2,0,4.0,3.0,1.0,1.0,1.0,1.0,1.0,1.0,2
323,"Nature, Adventure",Male,2,1,3.0,1.0,3.0,1.0,1.0,1.0,1.0,1.0,1
324,"City, Historical",Male,1,1,1.0,3.0,1.0,1.0,1.0,1.0,1.0,1.0,0
325,"Beaches, Historical",Male,1,2,4.0,3.0,1.0,1.0,1.0,1.0,1.0,1.0,2
326,"Nature, Adventure",Female,1,0,3.0,1.0,3.0,1.0,1.0,1.0,1.0,1.0,1
327,"City, Historical",Female,1,1,1.0,3.0,1.0,1.0,1.0,1.0,1.0,1.0,0
328,"Beaches, Historical",Female,2,0,4.0,3.0,1.0,1.0,1.0,1.0,1.0,1.0,2
329,"Nature, Adventure",Male,2,2,3.0,1.0,3.0,1.0,1.0,1.0,1.0,1.0,1
330,"City, Historical",Female,2,1,1.0,3.0,1.0,1.0,1.0,1.0,1.0,1.0,0
331,"Beaches, Historical",Male,1,2,4.0,3.0,1.0,1.0,1.0,1.0,1.0,1.0,2
332,"Nature, Adventure",Female,2,1,3.0,1.0,3.0,1.0,1.0,1.0,1.0,1.0,1
333,"City, Historical",Female,2,0,1.0,3.0,1.0,1.0,1.0,1.0,1.0,1.0,0
334,"Beaches, Historical",Male,2,1,4.0,3.0,1.0,1.0,1.0,1.0,1.0,1.0,2
335,"Nature, Adventure",Female,2,2,3.0,1.0,3.0,1.0,1.0,1.0,1.0,1.0,1
336,"City, Historical",Male,2,1,1.0,3.0,1.0,1.0,1.0,1.0,1.0,1.0,0
337,"Beaches, Historical",Male,2,2,4.0,3.0,1.0,1.0,1.0,1.0,1.0,1.0,2
338,"Nature, Adventure",Male,2,1,3.0,1.0,3.0,1.0,1.0,1.0,1.0,1.0,1
339,"City, Historical",Female,1,2,1.0,3.0,1.0,1.0,1.0,1.0,1.0,1.0,0
340,"Beaches, Historical",Female,1,0,4.0,3.0,1.0,1.0,1.0,1.0,1.0,1.0,2
341,"Nature, Adventure",Male,1,1,3.0,1.0,3.0,1.0,1.0,1.0,1.0,1.0,1
342,"City, Historical",Male,1,0,1.0,3.0,1.0,1.0,1.0,1.0,1.0,1.0,0
343,"Beaches, Historical",Female,2,1,4.0,3.0,1.0,1.0,1.0,1.0,1.0,1.0,2
344,"Nature, Adventure",Male,2,1,3.0,1.0,3.0,1.0,1.0,1.0,1.0,1.0,1
345,"City, Historical",Male,1,0,1.0,3.0,1.0,1.0,1.0,1.0,1.0,1.0,0
346,"Beaches, Historical",Male,2,2,4.0,3.0,1.0,1.0,1.0,1.0,1.0,1.0,2
347,"Nature, Adventure",Female,1,0,3.0,1.0,3.0,1.0,1.0,1.0,1.0,1.0,1
348,"City, Historical",Female,1,0,1.0,3.0,1.0,1.0,1.0,1.0,1.0,1.0,0
349,"Beaches, Historical",Female,2,1,4.0,3.0,1.0,1.0,1.0,1.0,1.0,1.0,2
350,"Nature, Adventure",Male,1,2,3.0,1.0,3.0,1.0,1.0,1.0,1.0,1.0,1
351,"City, Historical",Male,2,2,1.0,3.0,1.0,1.0,1.0,1.0,1.0,1.0,0
352,"Beaches, Historical",Female,1,0,4.0,3.0,1.0,1.0,1.0,1.0,1.0,1.0,2
353,"Nature, Adventure",Female,2,0,3.0,1.0,3.0,1.0,1.0,1.0,1.0,1.0,1
354,"City, Historical",Female,1,2,1.0,3.0,1.0,1.0,1.0,1.0,1.0,1.0,0
355,"Beaches, Historical",Female,1,0,4.0,3.0,1.0,1.0,1.0,1.0,1.0,1.0,2
356,"Nature, Adventure",Male,1,1,3.0,1.0,3.0,1.0,1.0,1.0,1.0,1.0,1
357,"City, Historical",Female,1,1,1.0,3.0,1.0,1.0,1.0,1.0,1.0,1.0,0
358,"Beaches, Historical",Female,2,0,4.0,3.0,1.0,1.0,1.0,1.0,1.0,1.0,2
359,"Nature, Adventure",Male,2,1,3.0,1.0,3.0,1.0,1.0,1.0,1.0,1.0,1
360,"City, Historical",Female,2,2,1.0,3.0,1.0,1.0,1.0,1.0,1.0,1.0,0
361,"Beaches, Historical",Female,1,0,4.0,3.0,1.0,1.0,1.0,1.0,1.0,1.0,2
362,"Nature, Adventure",Male,2,1,3.0,1.0,3.0,1.0,1.0,1.0,1.0,1.0,1
363,"City, Historical",Female,1,0,1.0,3.0,1.0,1.0,1.0,1.0,1.0,1.0,0
364,"Beaches, Historical",Female,2,2,4.0,3.0,1.0,1.0,1.0,1.0,1.0,1.0,2
365,"Nature, Adventure",Male,1,1,3.0,1.0,3.0,1.0,1.0,1.0,1.0,1.0,1
366,"City, Historical",Female,1,2,1.0,3.0,1.0,1.0,1.0,1.0,1.0,1.0,0
367,"Beaches, Historical",Female,1,0,4.0,3.0,1.0,1.0,1.0,1.0,1.0,1.0,2
368,"Nature, Adventure",Male,1,0,3.0,1.0,3.0,1.0,1.0,1.0,1.0,1.0,1
369,"City, Historical",Male,2,1,1.0,3.0,1.0,1.0,1.0,1.0,1.0,1.0,0
370,"Beaches, Historical",Female,2,2,4.0,3.0,1.0,1.0,1.0,1.0,1.0,1.0,2
371,"Nature, Adventure",Male,2,0,3.0,1.0,3.0,1.0,1.0,1.0,1.0,1.0,1
372,"City, Historical",Female,1,2,1.0,3.0,1.0,1.0,1.0,1.0,1.0,1.0,0
373,"Beaches, Historical",Male,2,2,4.0,3.0,1.0,1.0,1.0,1.0,1.0,1.0,2
374,"Nature, Adventure",Female,1,1,3.0,1.0,3.0,1.0,1.0,1.0,1.0,1.0,1
375,"City, Historical",Female,1,2,1.0,3.0,1.0,1.0,1.0,1.0,1.0,1.0,0
376,"Beaches, Historical",Female,2,0,4.0,3.0,1.0,1.0,1.0,1.0,1.0,1.0,2
377,"Nature, Adventure",Female,2,0,3.0,1.0,3.0,1.0,1.0,1.0,1.0,1.0,1
378,"City, Historical",Female,2,1,1.0,3.0,1.0,1.0,1.0,1.0,1.0,1.0,0
379,"Beaches, Historical",Female,1,2,4.0,3.0,1.0,1.0,1.0,1.0,1.0,1.0,2
380,"Nature, Adventure",Male,2,0,3.0,1.0,3.0,1.0,1.0,1.0,1.0,1.0,1
381,"City, Historical",Female,2,0,1.0,3.0,1.0,1.0,1.0,1.0,1.0,1.0,0
382,"Beaches, Historical",Female,1,1,4.0,3.0,1.0,1.0,1.0,1.0,1.0,1.0,2
383,"Nature, Adventure",Female,2,2,3.0,1.0,3.0,1.0,1.0,1.0,1.0,1.0,1
384,"City, Historical",Male,1,2,1.0,3.0,1.0,1.0,1.0,1.0,1.0,1.0,0
385,"Beaches, Historical",Female,2,2,4.0,3.0,1.0,1.0,1.0,1.0,1.0,1.0,2
386,"Nature, Adventure",Male,2,0,3.0,1.0,3.0,1.0,1.0,1.0,1.0,1.0,1
387,"City, Historical",Male,1,0,1.0,3.0,1.0,1.0,1.0,1.0,1.0,1.0,0
388,"Beaches, Historical",Male,1,1,4.0,3.0,1.0,1.0,1.0,1.0,1.0,1.0,2
389,"Nature, Adventure",Female,2,0,3.0,1.0,3.0,1.0,1.0,1.0,1.0,1.0,1
390,"City, Historical",Male,2,1,1.0,3.0,1.0,1.0,1.0,1.0,1.0,1.0,0
391,"Beaches, Historical",Female,1,1,4.0,3.0,1.0,1.0,1.0,1.0,1.0,1.0,2
392,"Nature, Adventure",Male,2,2,3.0,1.0,3.0,1.0,1.0,1.0,1.0,1.0,1
393,"City, Historical",Female,2,1,1.0,3.0,1.0,1.0,1.0,1.0,1.0,1.0,0
394,"Beaches, Historical",Female,2,2,4.0,3.0,1.0,1.0,1.0,1.0,1.0,1.0,2
395,"Nature, Adventure",Male,2,2,3.0,1.0,3.0,1.0,1.0,1.0,1.0,1.0,1
396,"City, Historical",Female,2,0,1.0,3.0,1.0,1.0,1.0,1.0,1.0,1.0,0
397,"Beaches, Historical",Female,2,0,4.0,3.0,1.0,1.0,1.0,1.0,1.0,1.0,2
398,"Nature, Adventure",Female,1,1,3.0,1.0,3.0,1.0,1.0,1.0,1.0,1.0,1
399,"City, Historical",Male,1,1,1.0,3.0,1.0,1.0,1.0,1.0,1.0,1.0,0
400,"Beaches, Historical",Female,2,1,4.0,3.0,1.0,1.0,1.0,1.0,1.0,1.0,2
401,"Nature, Adventure",Male,1,1,3.0,1.0,3.0,1.0,1.0,1.0,1.0,1.0,1
402,"City, Historical",Male,2,0,1.0,3.0,1.0,1.0,1.0,1.0,1.0,1.0,0
403,"Beaches, Historical",Male,1,1,4.0,3.0,1.0,1.0,1.0,1.0,1.0,1.0,2
404,"Nature, Adventure",Male,1,2,3.0,1.0,3.0,1.0,1.0,1.0,1.0,1.0,1
405,"City, Historical",Male,2,0,1.0,3.0,1.0,1.0,1.0,1.0,1.0,1.0,0
406,"Beaches, Historical",Male,2,2,4.0,3.0,1.0,1.0,1.0,1.0,1.0,1.0,2
407,"Nature, Adventure",Female,2,1,3.0,1.0,3.0,1.0,1.0,1.0,1.0,1.0,1
408,"City, Historical",Male,2,0,1.0,3.0,1.0,1.0,1.0,1.0,1.0,1.0,0
409,"Beaches, Historical",Male,2,2,4.0,3.0,1.0,1.0,1.0,1.0,1.0,1.0,2
410,"Nature, Adventure",Male,1,0,3.0,1.0,3.0,1.0,1.0,1.0,1.0,1.0,1
411,"City, Historical",Male,2,2,1.0,3.0,1.0,1.0,1.0,1.0,1.0,1.0,0
412,"Beaches, Historical",Female,2,0,4.0,3.0,1.0,1.0,1.0,1.0,1.0,1.0,2
413,"Nature, Adventure",Female,2,2,3.0,1.0,3.0,1.0,1.0,1.0,1.0,1.0,1
414,"City, Historical",Female,1,2,1.0,3.0,1.0,1.0,1.0,1.0,1.0,1.0,0
415,"Beaches, Historical",Male,1,2,4.0,3.0,1.0,1.0,1.0,1.0,1.0,1.0,2
416,"Nature, Adventure",Female,2,0,3.0,1.0,3.0,1.0,1.0,1.0,1.0,1.0,1
417,"City, Historical",Male,2,2,1.0,3.0,1.0,1.0,1.0,1.0,1.0,1.0,0
418,"Beaches, Historical",Female,1,2,4.0,3.0,1.0,1.0,1.0,1.0,1.0,1.0,2
419,"Nature, Adventure",Male,2,1,3.0,1.0,3.0,1.0,1.0,1.0,1.0,1.0,1
420,"City, Historical",Female,2,2,1.0,3.0,1.0,1.0,1.0,1.0,1.0,1.0,0
421,"Beaches, Historical",Female,2,1,4.0,3.0,1.0,1.0,1.0,1.0,1.0,1.0,2
422,"Nature, Adventure",Female,1,0,3.0,1.0,3.0,1.0,1.0,1.0,1.0,1.0,1
423,"City, Historical",Male,1,2,1.0,3.0,1.0,1.0,1.0,1.0,1.0,1.0,0
424,"Beaches, Historical",Female,1,0,4.0,3.0,1.0,1.0,1.0,1.0,1.0,1.0,2
425,"Nature, Adventure",Male,2,1,3.0,1.0,3.0,1.0,1.0,1.0,1.0,1.0,1
426,"City, Historical",Female,1,1,1.0,3.0,1.0,1.0,1.0,1.0,1.0,1.0,0
427,"Beaches, Historical",Female,1,0,4.0,3.0,1.0,1.0,1.0,1.0,1.0,1.0,2
428,"Nature, Adventure",Female,1,2,3.0,1.0,3.0,1.0,1.0,1.0,1.0,1.0,1
429,"City, Historical",Female,1,0,1.0,3.0,1.0,1.0,1.0,1.0,1.0,1.0,0
430,"Beaches, Historical",Male,1,1,4.0,3.0,1.0,1.0,1.0,1.0,1.0,1.0,2
431,"Nature, Adventure",Male,1,1,3.0,1.0,3.0,1.0,1.0,1.0,1.0,1.0,1
432,"City, Historical",Male,2,2,1.0,3.0,1.0,1.0,1.0,1.0,1.0,1.0,0
433,"Beaches, Historical",Female,2,1,4.0,3.0,1.0,1.0,1.0,1.0,1.0,1.0,2
434,"Nature, Adventure",Female,2,2,3.0,1.0,3.0,1.0,1.0,1.0,1.0,1.0,1
435,"City, Historical",Male,1,2,1.0,3.0,1.0,1.0,1.0,1.0,1.0,1.0,0
436,"Beaches, Historical",Female,1,2,4.0,3.0,1.0,1.0,1.0,1.0,1.0,1.0,2
437,"Nature, Adventure",Male,2,1,3.0,1.0,3.0,1.0,1.0,1.0,1.0,1.0,1
438,"City, Historical",Female,2,0,1.0,3.0,1.0,1.0,1.0,1.0,1.0,1.0,0
439,"Beaches, Historical",Male,2,0,4.0,3.0,1.0,1.0,1.0,1.0,1.0,1.0,2
440,"Nature, Adventure",Female,1,1,3.0,1.0,3.0,1.0,1.0,1.0,1.0,1.0,1
441,"City, Historical",Female,2,0,1.0,3.0,1.0,1.0,1.0,1.0,1.0,1.0,0
442,"Beaches, Historical",Female,1,0,4.0,3.0,1.0,1.0,1.0,1.0,1.0,1.0,2
443,"Nature, Adventure",Male,2,1,3.0,1.0,3.0,1.0,1.0,1.0,1.0,1.0,1
444,"City, Historical",Female,1,0,1.0,3.0,1.0,1.0,1.0,1.0,1.0,1.0,0
445,"Beaches, Historical",Female,2,1,4.0,3.0,1.0,1.0,1.0,1.0,1.0,1.0,2
446,"Nature, Adventure",Female,2,2,3.0,1.0,3.0,1.0,1.0,1.0,1.0,1.0,1
447,"City, Historical",Male,2,2,1.0,3.0,1.0,1.0,1.0,1.0,1.0,1.0,0
448,"Beaches, Historical",Male,1,0,4.0,3.0,1.0,1.0,1.0,1.0,1.0,1.0,2
449,"Nature, Adventure",Male,2,1,3.0,1.0,3.0,1.0,1.0,1.0,1.0,1.0,1
450,"City, Historical",Female,1,2,1.0,3.0,1.0,1.0,1.0,1.0,1.0,1.0,0
451,"Beaches, Historical",Male,1,1,4.0,3.0,1.0,1.0,1.0,1.0,1.0,1.0,2
452,"Nature, Adventure",Male,2,1,3.0,1.0,3.0,1.0,1.0,1.0,1.0,1.0,1
453,"City, Historical",Female,1,1,1.0,3.0,1.0,1.0,1.0,1.0,1.0,1.0,0
454,"Beaches, Historical",Male,2,0,4.0,3.0,1.0,1.0,1.0,1.0,1.0,1.0,2
455,"Nature, Adventure",Female,1,2,3.0,1.0,3.0,1.0,1.0,1.0,1.0,1.0,1
456,"City, Historical",Female,1,0,1.0,3.0,1.0,1.0,1.0,1.0,1.0,1.0,0
457,"Beaches, Historical",Female,2,1,4.0,3.0,1.0,1.0,1.0,1.0,1.0,1.0,2
458,"Nature, Adventure",Male,1,2,3.0,1.0,3.0,1.0,1.0,1.0,1.0,1.0,1
459,"City, Historical",Female,1,0,1.0,3.0,1.0,1.0,1.0,1.0,1.0,1.0,0
460,"Beaches, Historical",Male,1,2,4.0,3.0,1.0,1.0,1.0,1.0,1.0,1.0,2
461,"Nature, Adventure",Female,1,0,3.0,1.0,3.0,1.0,1.0,1.0,1.0,1.0,1
462,"City, Historical",Male,1,1,1.0,3.0,1.0,1.0,1.0,1.0,1.0,1.0,0
463,"Beaches, Historical",Male,1,2,4.0,3.0,1.0,1.0,1.0,1.0,1.0,1.0,2
464,"Nature, Adventure",Female,1,1,3.0,1.0,3.0,1.0,1.0,1.0,1.0,1.0,1
465,"City, Historical",Male,1,1,1.0,3.0,1.0,1.0,1.0,1.0,1.0,1.0,0
466,"Beaches, Historical",Female,1,2,4.0,3.0,1.0,1.0,1.0,1.0,1.0,1.0,2
467,"Nature, Adventure",Male,2,2,3.0,1.0,3.0,1.0,1.0,1.0,1.0,1.0,1
468,"City, Historical",Male,1,0,1.0,3.0,1.0,1.0,1.0,1.0,1.0,1.0,0
469,"Beaches, Historical",Male,2,0,4.0,3.0,1.0,1.0,1.0,1.0,1.0,1.0,2
470,"Nature, Adventure",Male,2,1,3.0,1.0,3.0,1.0,1.0,1.0,1.0,1.0,1
471,"City, Historical",Male,1,0,1.0,3.0,1.0,1.0,1.0,1.0,1.0,1.0,0
472,"Beaches, Historical",Female,2,2,4.0,3.0,1.0,1.0,1.0,1.0,1.0,1.0,2
473,"Nature, Adventure",Male,2,2,3.0,1.0,3.0,1.0,1.0,1.0,1.0,1.0,1
474,"City, Historical",Male,2,2,1.0,3.0,1.0,1.0,1.0,1.0,1.0,1.0,0
475,"Beaches, Historical",Male,1,1,4.0,3.0,1.0,1.0,1.0,1.0,1.0,1.0,2
476,"Nature, Adventure",Female,1,0,3.0,1.0,3.0,1.0,1.0,1.0,1.0,1.0,1
477,"City, Historical",Female,2,0,1.0,3.0,1.0,1.0,1.0,1.0,1.0,1.0,0
478,"Beaches, Historical",Male,2,0,4.0,3.0,1.0,1.0,1.0,1.0,1.0,1.0,2
479,"Nature, Adventure",Male,2,0,3.0,1.0,3.0,1.0,1.0,1.0,1.0,1.0,1
480,"City, Historical",Female,2,0,1.0,3.0,1.0,1.0,1.0,1.0,1.0,1.0,0
481,"Beaches, Historical",Female,1,0,4.0,3.0,1.0,1.0,1.0,1.0,1.0,1.0,2
482,"Nature, Adventure",Female,2,0,3.0,1.0,3.0,1.0,1.0,1.0,1.0,1.0,1
483,"City, Historical",Female,1,1,1.0,3.0,1.0,1.0,1.0,1.0,1.0,1.0,0
484,"Beaches, Historical",Female,2,0,4.0,3.0,1.0,1.0,1.0,1.0,1.0,1.0,2
485,"Nature, Adventure",Female,1,0,3.0,1.0,3.0,1.0,1.0,1.0,1.0,1.0,1
486,"City, Historical",Male,1,0,1.0,3.0,1.0,1.0,1.0,1.0,1.0,1.0,0
487,"Beaches, Historical",Female,1,1,4.0,3.0,1.0,1.0,1.0,1.0,1.0,1.0,2
488,"Nature, Adventure",Female,1,0,3.0,1.0,3.0,1.0,1.0,1.0,1.0,1.0,1
489,"City, Historical",Male,2,1,1.0,3.0,1.0,1.0,1.0,1.0,1.0,1.0,0
490,"Beaches, Historical",Female,2,1,4.0,3.0,1.0,1.0,1.0,1.0,1.0,1.0,2
491,"Nature, Adventure",Female,2,1,3.0,1.0,3.0,1.0,1.0,1.0,1.0,1.0,1
492,"City, Historical",Female,2,2,1.0,3.0,1.0,1.0,1.0,1.0,1.0,1.0,0
493,"Beaches, Historical",Male,2,0,4.0,3.0,1.0,1.0,1.0,1.0,1.0,1.0,2
494,"Nature, Adventure",Female,1,2,3.0,1.0,3.0,1.0,1.0,1.0,1.0,1.0,1
495,"City, Historical",Female,2,0,1.0,3.0,1.0,1.0,1.0,1.0,1.0,1.0,0
496,"Beaches, Historical",Male,1,1,4.0,3.0,1.0,1.0,1.0,1.0,1.0,1.0,2
497,"Nature, Adventure",Male,2,1,3.0,1.0,3.0,1.0,1.0,1.0,1.0,1.0,1
498,"City, Historical",Male,1,0,1.0,3.0,1.0,1.0,1.0,1.0,1.0,1.0,0
499,"Beaches, Historical",Male,2,0,4.0,3.0,1.0,1.0,1.0,1.0,1.0,1.0,2
500,"Nature, Adventure",Female,1,1,3.0,1.0,3.0,1.0,1.0,1.0,1.0,1.0,1
501,"City, Historical",Male,2,0,1.0,3.0,1.0,1.0,1.0,1.0,1.0,1.0,0
502,"Beaches, Historical",Female,2,0,4.0,3.0,1.0,1.0,1.0,1.0,1.0,1.0,2
503,"Nature, Adventure",Male,1,2,3.0,1.0,3.0,1.0,1.0,1.0,1.0,1.0,1
504,"City, Historical",Female,1,1,1.0,3.0,1.0,1.0,1.0,1.0,1.0,1.0,0
505,"Beaches, Historical",Female,1,2,4.0,3.0,1.0,1.0,1.0,1.0,1.0,1.0,2
506,"Nature, Adventure",Female,2,1,3.0,1.0,3.0,1.0,1.0,1.0,1.0,1.0,1
507,"City, Historical",Female,2,2,1.0,3.0,1.0,1.0,1.0,1.0,1.0,1.0,0
508,"Beaches, Historical",Female,2,0,4.0,3.0,1.0,1.0,1.0,1.0,1.0,1.0,2
509,"Nature, Adventure",Male,1,0,3.0,1.0,3.0,1.0,1.0,1.0,1.0,1.0,1
510,"City, Historical",Female,1,1,1.0,3.0,1.0,1.0,1.0,1.0,1.0,1.0,0
511,"Beaches, Historical",Male,2,1,4.0,3.0,1.0,1.0,1.0,1.0,1.0,1.0,2
512,"Nature, Adventure",Male,1,1,3.0,1.0,3.0,1.0,1.0,1.0,1.0,1.0,1
513,"City, Historical",Male,1,2,1.0,3.0,1.0,1.0,1.0,1.0,1.0,1.0,0
514,"Beaches, Historical",Female,2,1,4.0,3.0,1.0,1.0,1.0,1.0,1.0,1.0,2
515,"Nature, Adventure",Male,1,0,3.0,1.0,3.0,1.0,1.0,1.0,1.0,1.0,1
516,"City, Historical",Male,1,1,1.0,3.0,1.0,1.0,1.0,1.0,1.0,1.0,0
517,"Beaches, Historical",Male,1,0,4.0,3.0,1.0,1.0,1.0,1.0,1.0,1.0,2
518,"Nature, Adventure",Female,2,2,3.0,1.0,3.0,1.0,1.0,1.0,1.0,1.0,1
519,"City, Historical",Male,1,0,1.0,3.0,1.0,1.0,1.0,1.0,1.0,1.0,0
520,"Beaches, Historical",Female,2,0,4.0,3.0,1.0,1.0,1.0,1.0,1.0,1.0,2
521,"Nature, Adventure",Male,1,2,3.0,1.0,3.0,1.0,1.0,1.0,1.0,1.0,1
522,"City, Historical",Female,2,0,1.0,3.0,1.0,1.0,1.0,1.0,1.0,1.0,0
523,"Beaches, Historical",Male,1,2,4.0,3.0,1.0,1.0,1.0,1.0,1.0,1.0,2
524,"Nature, Adventure",Female,2,2,3.0,1.0,3.0,1.0,1.0,1.0,1.0,1.0,1
525,"City, Historical",Female,2,2,1.0,3.0,1.0,1.0,1.0,1.0,1.0,1.0,0
526,"Beaches, Historical",Male,1,0,4.0,3.0,1.0,1.0,1.0,1.0,1.0,1.0,2
527,"Nature, Adventure",Male,1,2,3.0,1.0,3.0,1.0,1.0,1.0,1.0,1.0,1
528,"City, Historical",Female,2,1,1.0,3.0,1.0,1.0,1.0,1.0,1.0,1.0,0
529,"Beaches, Historical",Female,1,0,4.0,3.0,1.0,1.0,1.0,1.0,1.0,1.0,2
530,"Nature, Adventure",Female,2,0,3.0,1.0,3.0,1.0,1.0,1.0,1.0,1.0,1
531,"City, Historical",Female,1,1,1.0,3.0,1.0,1.0,1.0,1.0,1.0,1.0,0
532,"Beaches, Historical",Female,2,1,4.0,3.0,1.0,1.0,1.0,1.0,1.0,1.0,2
533,"Nature, Adventure",Female,1,1,3.0,1.0,3.0,1.0,1.0,1.0,1.0,1.0,1
534,"City, Historical",Female,1,1,1.0,3.0,1.0,1.0,1.0,1.0,1.0,1.0,0
535,"Beaches, Historical",Female,1,2,4.0,3.0,1.0,1.0,1.0,1.0,1.0,1.0,2
536,"Nature, Adventure",Female,1,0,3.0,1.0,3.0,1.0,1.0,1.0,1.0,1.0,1
537,"City, Historical",Male,2,0,1.0,3.0,1.0,1.0,1.0,1.0,1.0,1.0,0
538,"Beaches, Historical",Female,2,1,4.0,3.0,1.0,1.0,1.0,1.0,1.0,1.0,2
539,"Nature, Adventure",Male,1,2,3.0,1.0,3.0,1.0,1.0,1.0,1.0,1.0,1
540,"City, Historical",Female,2,2,1.0,3.0,1.0,1.0,1.0,1.0,1.0,1.0,0
541,"Beaches, Historical",Female,1,1,4.0,3.0,1.0,1.0,1.0,1.0,1.0,1.0,2
542,"Nature, Adventure",Female,2,1,3.0,1.0,3.0,1.0,1.0,1.0,1.0,1.0,1
543,"City, Historical",Female,2,1,1.0,3.0,1.0,1.0,1.0,1.0,1.0,1.0,0
544,"Beaches, Historical",Female,1,1,4.0,3.0,1.0,1.0,1.0,1.0,1.0,1.0,2
545,"Nature, Adventure",Male,2,2,3.0,1.0,3.0,1.0,1.0,1.0,1.0,1.0,1
546,"City, Historical",Female,1,0,1.0,3.0,1.0,1.0,1.0,1.0,1.0,1.0,0
547,"Beaches, Historical",Female,1,2,4.0,3.0,1.0,1.0,1.0,1.0,1.0,1.0,2
548,"Nature, Adventure",Male,1,0,3.0,1.0,3.0,1.0,1.0,1.0,1.0,1.0,1
549,"City, Historical",Male,1,0,1.0,3.0,1.0,1.0,1.0,1.0,1.0,1.0,0
550,"Beaches, Historical",Male,1,0,4.0,3.0,1.0,1.0,1.0,1.0,1.0,1.0,2
551,"Nature, Adventure",Male,2,2,3.0,1.0,3.0,1.0,1.0,1.0,1.0,1.0,1
552,"City, Historical",Female,2,1,1.0,3.0,1.0,1.0,1.0,1.0,1.0,1.0,0
553,"Beaches, Historical",Female,1,1,4.0,3.0,1.0,1.0,1.0,1.0,1.0,1.0,2
554,"Nature, Adventure",Female,1,2,3.0,1.0,3.0,1.0,1.0,1.0,1.0,1.0,1
555,"City, Historical",Female,1,2,1.0,3.0,1.0,1.0,1.0,1.0,1.0,1.0,0
556,"Beaches, Historical",Male,1,0,4.0,3.0,1.0,1.0,1.0,1.0,1.0,1.0,2
557,"Nature, Adventure",Male,2,2,3.0,1.0,3.0,1.0,1.0,1.0,1.0,1.0,1
558,"City, Historical",Male,2,0,1.0,3.0,1.0,1.0,1.0,1.0,1.0,1.0,0
559,"Beaches, Historical",Male,1,2,4.0,3.0,1.0,1.0,1.0,1.0,1.0,1.0,2
560,"Nature, Adventure",Female,1,1,3.0,1.0,3.0,1.0,1.0,1.0,1.0,1.0,1
561,"City, Historical",Male,2,1,1.0,3.0,1.0,1.0,1.0,1.0,1.0,1.0,0
562,"Beaches, Historical",Female,1,1,4.0,3.0,1.0,1.0,1.0,1.0,1.0,1.0,2
563,"Nature, Adventure",Male,2,2,3.0,1.0,3.0,1.0,1.0,1.0,1.0,1.0,1
564,"City, Historical",Male,2,0,1.0,3.0,1.0,1.0,1.0,1.0,1.0,1.0,0
565,"Beaches, Historical",Male,2,1,4.0,3.0,1.0,1.0,1.0,1.0,1.0,1.0,2
566,"Nature, Adventure",Male,2,0,3.0,1.0,3.0,1.0,1.0,1.0,1.0,1.0,1
567,"City, Historical",Female,2,1,1.0,3.0,1.0,1.0,1.0,1.0,1.0,1.0,0
568,"Beaches, Historical",Female,2,0,4.0,3.0,1.0,1.0,1.0,1.0,1.0,1.0,2
569,"Nature, Adventure",Female,2,2,3.0,1.0,3.0,1.0,1.0,1.0,1.0,1.0,1
570,"City, Historical",Female,2,2,1.0,3.0,1.0,1.0,1.0,1.0,1.0,1.0,0
571,"Beaches, Historical",Female,2,0,4.0,3.0,1.0,1.0,1.0,1.0,1.0,1.0,2
572,"Nature, Adventure",Female,2,2,3.0,1.0,3.0,1.0,1.0,1.0,1.0,1.0,1
573,"City, Historical",Male,2,0,1.0,3.0,1.0,1.0,1.0,1.0,1.0,1.0,0
574,"Beaches, Historical",Male,1,2,4.0,3.0,1.0,1.0,1.0,1.0,1.0,1.0,2
575,"Nature, Adventure",Male,1,2,3.0,1.0,3.0,1.0,1.0,1.0,1.0,1.0,1
576,"City, Historical",Female,2,0,1.0,3.0,1.0,1.0,1.0,1.0,1.0,1.0,0
577,"Beaches, Historical",Female,2,1,4.0,3.0,1.0,1.0,1.0,1.0,1.0,1.0,2
578,"Nature, Adventure",Female,2,1,3.0,1.0,3.0,1.0,1.0,1.0,1.0,1.0,1
579,"City, Historical",Male,2,1,1.0,3.0,1.0,1.0,1.0,1.0,1.0,1.0,0
580,"Beaches, Historical",Female,1,0,4.0,3.0,1.0,1.0,1.0,1.0,1.0,1.0,2
581,"Nature, Adventure",Male,1,1,3.0,1.0,3.0,1.0,1.0,1.0,1.0,1.0,1
582,"City, Historical",Female,2,2,1.0,3.0,1.0,1.0,1.0,1.0,1.0,1.0,0
583,"Beaches, Historical",Male,1,1,4.0,3.0,1.0,1.0,1.0,1.0,1.0,1.0,2
584,"Nature, Adventure",Male,1,2,3.0,1.0,3.0,1.0,1.0,1.0,1.0,1.0,1
585,"City, Historical",Male,2,1,1.0,3.0,1.0,1.0,1.0,1.0,1.0,1.0,0
586,"Beaches, Historical",Male,1,1,4.0,3.0,1.0,1.0,1.0,1.0,1.0,1.0,2
587,"Nature, Adventure",Female,2,0,3.0,1.0,3.0,1.0,1.0,1.0,1.0,1.0,1
588,"City, Historical",Female,1,2,1.0,3.0,1.0,1.0,1.0,1.0,1.0,1.0,0
589,"Beaches, Historical",Male,2,2,4.0,3.0,1.0,1.0,1.0,1.0,1.0,1.0,2
590,"Nature, Adventure",Male,1,2,3.0,1.0,3.0,1.0,1.0,1.0,1.0,1.0,1
591,"City, Historical",Male,1,1,1.0,3.0,1.0,1.0,1.0,1.0,1.0,1.0,0
592,"Beaches, Historical",Female,2,1,4.0,3.0,1.0,1.0,1.0,1.0,1.0,1.0,2
593,"Nature, Adventure",Female,1,0,3.0,1.0,3.0,1.0,1.0,1.0,1.0,1.0,1
594,"City, Historical",Female,1,0,1.0,3.0,1.0,1.0,1.0,1.0,1.0,1.0,0
595,"Beaches, Historical",Female,1,0,4.0,3.0,1.0,1.0,1.0,1.0,1.0,1.0,2
596,"Nature, Adventure",Female,1,1,3.0,1.0,3.0,1.0,1.0,1.0,1.0,1.0,1
597,"City, Historical",Female,1,0,1.0,3.0,1.0,1.0,1.0,1.0,1.0,1.0,0
598,"Beaches, Historical",Female,2,2,4.0,3.0,1.0,1.0,1.0,1.0,1.0,1.0,2
599,"Nature, Adventure",Female,1,0,3.0,1.0,3.0,1.0,1.0,1.0,1.0,1.0,1
600,"City, Historical",Female,2,1,1.0,3.0,1.0,1.0,1.0,1.0,1.0,1.0,0
601,"Beaches, Historical",Male,1,0,4.0,3.0,1.0,1.0,1.0,1.0,1.0,1.0,2
602,"Nature, Adventure",Female,1,2,3.0,1.0,3.0,1.0,1.0,1.0,1.0,1.0,1
603,"City, Historical",Male,2,2,1.0,3.0,1.0,1.0,1.0,1.0,1.0,1.0,0
604,"Beaches, Historical",Female,2,2,4.0,3.0,1.0,1.0,1.0,1.0,1.0,1.0,2
605,"Nature, Adventure",Male,2,1,3.0,1.0,3.0,1.0,1.0,1.0,1.0,1.0,1
606,"City, Historical",Female,2,2,1.0,3.0,1.0,1.0,1.0,1.0,1.0,1.0,0
607,"Beaches, Historical",Male,1,0,4.0,3.0,1.0,1.0,1.0,1.0,1.0,1.0,2
608,"Nature, Adventure",Male,1,0,3.0,1.0,3.0,1.0,1.0,1.0,1.0,1.0,1
609,"City, Historical",Female,2,2,1.0,3.0,1.0,1.0,1.0,1.0,1.0,1.0,0
610,"Beaches, Historical",Male,1,1,4.0,3.0,1.0,1.0,1.0,1.0,1.0,1.0,2
611,"Nature, Adventure",Male,2,2,3.0,1.0,3.0,1.0,1.0,1.0,1.0,1.0,1
612,"City, Historical",Female,2,0,1.0,3.0,1.0,1.0,1.0,1.0,1.0,1.0,0
613,"Beaches, Historical",Female,2,0,4.0,3.0,1.0,1.0,1.0,1.0,1.0,1.0,2
614,"Nature, Adventure",Female,2,2,3.0,1.0,3.0,1.0,1.0,1.0,1.0,1.0,1
615,"City, Historical",Male,1,1,1.0,3.0,1.0,1.0,1.0,1.0,1.0,1.0,0
616,"Beaches, Historical",Female,1,0,4.0,3.0,1.0,1.0,1.0,1.0,1.0,1.0,2
617,"Nature, Adventure",Male,2,1,3.0,1.0,3.0,1.0,1.0,1.0,1.0,1.0,1
618,"City, Historical",Female,1,2,1.0,3.0,1.0,1.0,1.0,1.0,1.0,1.0,0
619,"Beaches, Historical",Male,1,0,4.0,3.0,1.0,1.0,1.0,1.0,1.0,1.0,2
620,"Nature, Adventure",Male,2,0,3.0,1.0,3.0,1.0,1.0,1.0,1.0,1.0,1
621,"City, Historical",Female,2,0,1.0,3.0,1.0,1.0,1.0,1.0,1.0,1.0,0
622,"Beaches, Historical",Male,2,0,4.0,3.0,1.0,1.0,1.0,1.0,1.0,1.0,2
623,"Nature, Adventure",Female,1,0,3.0,1.0,3.0,1.0,1.0,1.0,1.0,1.0,1
624,"City, Historical",Female,1,0,1.0,3.0,1.0,1.0,1.0,1.0,1.0,1.0,0
625,"Beaches, Historical",Male,1,2,4.0,3.0,1.0,1.0,1.0,1.0,1.0,1.0,2
626,"Nature, Adventure",Male,2,0,3.0,1.0,3.0,1.0,1.0,1.0,1.0,1.0,1
627,"City, Historical",Male,2,0,1.0,3.0,1.0,1.0,1.0,1.0,1.0,1.0,0
628,"Beaches, Historical",Female,1,2,4.0,3.0,1.0,1.0,1.0,1.0,1.0,1.0,2
629,"Nature, Adventure",Female,2,0,3.0,1.0,3.0,1.0,1.0,1.0,1.0,1.0,1
630,"City, Historical",Female,1,0,1.0,3.0,1.0,1.0,1.0,1.0,1.0,1.0,0
631,"Beaches, Historical",Female,1,2,4.0,3.0,1.0,1.0,1.0,1.0,1.0,1.0,2
632,"Nature, Adventure",Male,1,0,3.0,1.0,3.0,1.0,1.0,1.0,1.0,1.0,1
633,"City, Historical",Male,2,0,1.0,3.0,1.0,1.0,1.0,1.0,1.0,1.0,0
634,"Beaches, Historical",Male,2,2,4.0,3.0,1.0,1.0,1.0,1.0,1.0,1.0,2
635,"Nature, Adventure",Male,1,0,3.0,1.0,3.0,1.0,1.0,1.0,1.0,1.0,1
636,"City, Historical",Female,2,2,1.0,3.0,1.0,1.0,1.0,1.0,1.0,1.0,0
637,"Beaches, Historical",Male,1,0,4.0,3.0,1.0,1.0,1.0,1.0,1.0,1.0,2
638,"Nature, Adventure",Male,2,0,3.0,1.0,3.0,1.0,1.0,1.0,1.0,1.0,1
639,"City, Historical",Male,1,2,1.0,3.0,1.0,1.0,1.0,1.0,1.0,1.0,0
640,"Beaches, Historical",Male,1,1,4.0,3.0,1.0,1.0,1.0,1.0,1.0,1.0,2
641,"Nature, Adventure",Male,2,2,3.0,1.0,3.0,1.0,1.0,1.0,1.0,1.0,1
642,"City, Historical",Female,1,1,1.0,3.0,1.0,1.0,1.0,1.0,1.0,1.0,0
643,"Beaches, Historical",Male,1,1,4.0,3.0,1.0,1.0,1.0,1.0,1.0,1.0,2
644,"Nature, Adventure",Female,1,0,3.0,1.0,3.0,1.0,1.0,1.0,1.0,1.0,1
645,"City, Historical",Female,1,2,1.0,3.0,1.0,1.0,1.0,1.0,1.0,1.0,0
646,"Beaches, Historical",Female,1,1,4.0,3.0,1.0,1.0,1.0,1.0,1.0,1.0,2
647,"Nature, Adventure",Female,2,1,3.0,1.0,3.0,1.0,1.0,1.0,1.0,1.0,1
648,"City, Historical",Female,2,1,1.0,3.0,1.0,1.0,1.0,1.0,1.0,1.0,0
649,"Beaches, Historical",Male,2,1,4.0,3.0,1.0,1.0,1.0,1.0,1.0,1.0,2
650,"Nature, Adventure",Male,2,2,3.0,1.0,3.0,1.0,1.0,1.0,1.0,1.0,1
651,"City, Historical",Male,2,0,1.0,3.0,1.0,1.0,1.0,1.0,1.0,1.0,0
652,"Beaches, Historical",Female,2,0,4.0,3.0,1.0,1.0,1.0,1.0,1.0,1.0,2
653,"Nature, Adventure",Male,2,1,3.0,1.0,3.0,1.0,1.0,1.0,1.0,1.0,1
654,"City, Historical",Female,2,0,1.0,3.0,1.0,1.0,1.0,1.0,1.0,1.0,0
655,"Beaches, Historical",Female,1,1,4.0,3.0,1.0,1.0,1.0,1.0,1.0,1.0,2
656,"Nature, Adventure",Male,1,0,3.0,1.0,3.0,1.0,1.0,1.0,1.0,1.0,1
657,"City, Historical",Male,1,0,1.0,3.0,1.0,1.0,1.0,1.0,1.0,1.0,0
658,"Beaches, Historical",Male,1,2,4.0,3.0,1.0,1.0,1.0,1.0,1.0,1.0,2
659,"Nature, Adventure",Male,2,1,3.0,1.0,3.0,1.0,1.0,1.0,1.0,1.0,1
660,"City, Historical",Female,2,2,1.0,3.0,1.0,1.0,1.0,1.0,1.0,1.0,0
661,"Beaches, Historical",Female,2,0,4.0,3.0,1.0,1.0,1.0,1.0,1.0,1.0,2
662,"Nature, Adventure",Female,2,1,3.0,1.0,3.0,1.0,1.0,1.0,1.0,1.0,1
663,"City, Historical",Male,1,1,1.0,3.0,1.0,1.0,1.0,1.0,1.0,1.0,0
664,"Beaches, Historical",Female,2,1,4.0,3.0,1.0,1.0,1.0,1.0,1.0,1.0,2
665,"Nature, Adventure",Male,1,1,3.0,1.0,3.0,1.0,1.0,1.0,1.0,1.0,1
666,"City, Historical",Male,1,1,1.0,3.0,1.0,1.0,1.0,1.0,1.0,1.0,0
667,"Beaches, Historical",Male,2,1,4.0,3.0,1.0,1.0,1.0,1.0,1.0,1.0,2
668,"Nature, Adventure",Male,2,0,3.0,1.0,3.0,1.0,1.0,1.0,1.0,1.0,1
669,"City, Historical",Male,2,1,1.0,3.0,1.0,1.0,1.0,1.0,1.0,1.0,0
670,"Beaches, Historical",Female,1,0,4.0,3.0,1.0,1.0,1.0,1.0,1.0,1.0,2
671,"Nature, Adventure",Male,2,2,3.0,1.0,3.0,1.0,1.0,1.0,1.0,1.0,1
672,"City, Historical",Female,2,0,1.0,3.0,1.0,1.0,1.0,1.0,1.0,1.0,0
673,"Beaches, Historical",Female,2,2,4.0,3.0,1.0,1.0,1.0,1.0,1.0,1.0,2
674,"Nature, Adventure",Male,1,1,3.0,1.0,3.0,1.0,1.0,1.0,1.0,1.0,1
675,"City, Historical",Female,2,0,1.0,3.0,1.0,1.0,1.0,1.0,1.0,1.0,0
676,"Beaches, Historical",Male,2,0,4.0,3.0,1.0,1.0,1.0,1.0,1.0,1.0,2
677,"Nature, Adventure",Male,2,0,3.0,1.0,3.0,1.0,1.0,1.0,1.0,1.0,1
678,"City, Historical",Female,2,2,1.0,3.0,1.0,1.0,1.0,1.0,1.0,1.0,0
679,"Beaches, Historical",Male,2,1,4.0,3.0,1.0,1.0,1.0,1.0,1.0,1.0,2
680,"Nature, Adventure",Male,1,0,3.0,1.0,3.0,1.0,1.0,1.0,1.0,1.0,1
681,"City, Historical",Female,1,2,1.0,3.0,1.0,1.0,1.0,1.0,1.0,1.0,0
682,"Beaches, Historical",Male,2,0,4.0,3.0,1.0,1.0,1.0,1.0,1.0,1.0,2
683,"Nature, Adventure",Female,1,0,3.0,1.0,3.0,1.0,1.0,1.0,1.0,1.0,1
684,"City, Historical",Male,1,0,1.0,3.0,1.0,1.0,1.0,1.0,1.0,1.0,0
685,"Beaches, Historical",Male,1,0,4.0,3.0,1.0,1.0,1.0,1.0,1.0,1.0,2
686,"Nature, Adventure",Male,2,2,3.0,1.0,3.0,1.0,1.0,1.0,1.0,1.0,1
687,"City, Historical",Female,1,1,1.0,3.0,1.0,1.0,1.0,1.0,1.0,1.0,0
688,"Beaches, Historical",Female,2,1,4.0,3.0,1.0,1.0,1.0,1.0,1.0,1.0,2
689,"Nature, Adventure",Male,1,0,3.0,1.0,3.0,1.0,1.0,1.0,1.0,1.0,1
690,"City, Historical",Male,2,2,1.0,3.0,1.0,1.0,1.0,1.0,1.0,1.0,0
691,"Beaches, Historical",Female,1,1,4.0,3.0,1.0,1.0,1.0,1.0,1.0,1.0,2
692,"Nature, Adventure",Male,2,1,3.0,1.0,3.0,1.0,1.0,1.0,1.0,1.0,1
693,"City, Historical",Male,2,0,1.0,3.0,1.0,1.0,1.0,1.0,1.0,1.0,0
694,"Beaches, Historical",Female,1,0,4.0,3.0,1.0,1.0,1.0,1.0,1.0,1.0,2
695,"Nature, Adventure",Female,2,2,3.0,1.0,3.0,1.0,1.0,1.0,1.0,1.0,1
696,"City, Historical",Male,1,1,1.0,3.0,1.0,1.0,1.0,1.0,1.0,1.0,0
697,"Beaches, Historical",Male,1,0,4.0,3.0,1.0,1.0,1.0,1.0,1.0,1.0,2
698,"Nature, Adventure",Male,1,2,3.0,1.0,3.0,1.0,1.0,1.0,1.0,1.0,1
699,"City, Historical",Male,2,2,1.0,3.0,1.0,1.0,1.0,1.0,1.0,1.0,0
700,"Beaches, Historical",Male,1,2,4.0,3.0,1.0,1.0,1.0,1.0,1.0,1.0,2
701,"Nature, Adventure",Female,2,1,3.0,1.0,3.0,1.0,1.0,1.0,1.0,1.0,1
702,"City, Historical",Male,1,1,1.0,3.0,1.0,1.0,1.0,1.0,1.0,1.0,0
703,"Beaches, Historical",Male,2,1,4.0,3.0,1.0,1.0,1.0,1.0,1.0,1.0,2
704,"Nature, Adventure",Male,2,2,3.0,1.0,3.0,1.0,1.0,1.0,1.0,1.0,1
705,"City, Historical",Female,1,2,1.0,3.0,1.0,1.0,1.0,1.0,1.0,1.0,0
706,"Beaches, Historical",Female,2,0,4.0,3.0,1.0,1.0,1.0,1.0,1.0,1.0,2
707,"Nature, Adventure",Female,2,0,3.0,1.0,3.0,1.0,1.0,1.0,1.0,1.0,1
708,"City, Historical",Male,1,1,1.0,3.0,1.0,1.0,1.0,1.0,1.0,1.0,0
709,"Beaches, Historical",Male,2,1,4.0,3.0,1.0,1.0,1.0,1.0,1.0,1.0,2
710,"Nature, Adventure",Female,2,0,3.0,1.0,3.0,1.0,1.0,1.0,1.0,1.0,1
711,"City, Historical",Male,2,1,1.0,3.0,1.0,1.0,1.0,1.0,1.0,1.0,0
712,"Beaches, Historical",Female,2,0,4.0,3.0,1.0,1.0,1.0,1.0,1.0,1.0,2
713,"Nature, Adventure",Female,2,0,3.0,1.0,3.0,1.0,1.0,1.0,1.0,1.0,1
714,"City, Historical",Male,1,0,1.0,3.0,1.0,1.0,1.0,1.0,1.0,1.0,0
715,"Beaches, Historical",Female,1,2,4.0,3.0,1.0,1.0,1.0,1.0,1.0,1.0,2
716,"Nature, Adventure",Female,2,1,3.0,1.0,3.0,1.0,1.0,1.0,1.0,1.0,1
717,"City, Historical",Female,2,2,1.0,3.0,1.0,1.0,1.0,1.0,1.0,1.0,0
718,"Beaches, Historical",Male,2,1,4.0,3.0,1.0,1.0,1.0,1.0,1.0,1.0,2
719,"Nature, Adventure",Female,2,2,3.0,1.0,3.0,1.0,1.0,1.0,1.0,1.0,1
720,"City, Historical",Female,1,1,1.0,3.0,1.0,1.0,1.0,1.0,1.0,1.0,0
721,"Beaches, Historical",Male,2,1,4.0,3.0,1.0,1.0,1.0,1.0,1.0,1.0,2
722,"Nature, Adventure",Female,1,0,3.0,1.0,3.0,1.0,1.0,1.0,1.0,1.0,1
723,"City, Historical",Female,1,2,1.0,3.0,1.0,1.0,1.0,1.0,1.0,1.0,0
724,"Beaches, Historical",Female,2,2,4.0,3.0,1.0,1.0,1.0,1.0,1.0,1.0,2
725,"Nature, Adventure",Male,1,1,3.0,1.0,3.0,1.0,1.0,1.0,1.0,1.0,1
726,"City, Historical",Male,2,2,1.0,3.0,1.0,1.0,1.0,1.0,1.0,1.0,0
727,"Beaches, Historical",Female,1,1,4.0,3.0,1.0,1.0,1.0,1.0,1.0,1.0,2
728,"Nature, Adventure",Female,2,1,3.0,1.0,3.0,1.0,1.0,1.0,1.0,1.0,1
729,"City, Historical",Female,2,0,1.0,3.0,1.0,1.0,1.0,1.0,1.0,1.0,0
730,"Beaches, Historical",Female,1,1,4.0,3.0,1.0,1.0,1.0,1.0,1.0,1.0,2
731,"Nature, Adventure",Female,2,2,3.0,1.0,3.0,1.0,1.0,1.0,1.0,1.0,1
732,"City, Historical",Male,2,0,1.0,3.0,1.0,1.0,1.0,1.0,1.0,1.0,0
733,"Beaches, Historical",Female,1,1,4.0,3.0,1.0,1.0,1.0,1.0,1.0,1.0,2
734,"Nature, Adventure",Male,2,0,3.0,1.0,3.0,1.0,1.0,1.0,1.0,1.0,1
735,"City, Historical",Female,1,0,1.0,3.0,1.0,1.0,1.0,1.0,1.0,1.0,0
736,"Beaches, Historical",Male,1,1,4.0,3.0,1.0,1.0,1.0,1.0,1.0,1.0,2
737,"Nature, Adventure",Female,1,2,3.0,1.0,3.0,1.0,1.0,1.0,1.0,1.0,1
738,"City, Historical",Female,1,1,1.0,3.0,1.0,1.0,1.0,1.0,1.0,1.0,0
739,"Beaches, Historical",Male,2,1,4.0,3.0,1.0,1.0,1.0,1.0,1.0,1.0,2
740,"Nature, Adventure",Female,1,1,3.0,1.0,3.0,1.0,1.0,1.0,1.0,1.0,1
741,"City, Historical",Female,1,1,1.0,3.0,1.0,1.0,1.0,1.0,1.0,1.0,0
742,"Beaches, Historical",Female,2,1,4.0,3.0,1.0,1.0,1.0,1.0,1.0,1.0,2
743,"Nature, Adventure",Female,1,2,3.0,1.0,3.0,1.0,1.0,1.0,1.0,1.0,1
744,"City, Historical",Female,1,0,1.0,3.0,1.0,1.0,1.0,1.0,1.0,1.0,0
745,"Beaches, Historical",Female,1,2,4.0,3.0,1.0,1.0,1.0,1.0,1.0,1.0,2
746,"Nature, Adventure",Female,2,1,3.0,1.0,3.0,1.0,1.0,1.0,1.0,1.0,1
747,"City, Historical",Female,1,0,1.0,3.0,1.0,1.0,1.0,1.0,1.0,1.0,0
748,"Beaches, Historical",Male,2,0,4.0,3.0,1.0,1.0,1.0,1.0,1.0,1.0,2
749,"Nature, Adventure",Female,1,0,3.0,1.0,3.0,1.0,1.0,1.0,1.0,1.0,1
750,"City, Historical",Male,1,2,1.0,3.0,1.0,1.0,1.0,1.0,1.0,1.0,0
751,"Beaches, Historical",Female,1,2,4.0,3.0,1.0,1.0,1.0,1.0,1.0,1.0,2
752,"Nature, Adventure",Male,1,2,3.0,1.0,3.0,1.0,1.0,1.0,1.0,1.0,1
753,"City, Historical",Female,2,1,1.0,3.0,1.0,1.0,1.0,1.0,1.0,1.0,0
754,"Beaches, Historical",Male,2,2,4.0,3.0,1.0,1.0,1.0,1.0,1.0,1.0,2
755,"Nature, Adventure",Male,2,2,3.0,1.0,3.0,1.0,1.0,1.0,1.0,1.0,1
756,"City, Historical",Male,1,2,1.0,3.0,1.0,1.0,1.0,1.0,1.0,1.0,0
757,"Beaches, Historical",Male,1,0,4.0,3.0,1.0,1.0,1.0,1.0,1.0,1.0,2
758,"Nature, Adventure",Male,2,0,3.0,1.0,3.0,1.0,1.0,1.0,1.0,1.0,1
759,"City, Historical",Female,2,1,1.0,3.0,1.0,1.0,1.0,1.0,1.0,1.0,0
760,"Beaches, Historical",Female,1,0,4.0,3.0,1.0,1.0,1.0,1.0,1.0,1.0,2
761,"Nature, Adventure",Male,2,1,3.0,1.0,3.0,1.0,1.0,1.0,1.0,1.0,1
762,"City, Historical",Female,2,0,1.0,3.0,1.0,1.0,1.0,1.0,1.0,1.0,0
763,"Beaches, Historical",Female,1,1,4.0,3.0,1.0,1.0,1.0,1.0,1.0,1.0,2
764,"Nature, Adventure",Female,2,1,3.0,1.0,3.0,1.0,1.0,1.0,1.0,1.0,1
765,"City, Historical",Male,2,0,1.0,3.0,1.0,1.0,1.0,1.0,1.0,1.0,0
766,"Beaches, Historical",Female,1,0,4.0,3.0,1.0,1.0,1.0,1.0,1.0,1.0,2
767,"Nature, Adventure",Female,2,2,3.0,1.0,3.0,1.0,1.0,1.0,1.0,1.0,1
768,"City, Historical",Female,1,2,1.0,3.0,1.0,1.0,1.0,1.0,1.0,1.0,0
769,"Beaches, Historical",Female,2,1,4.0,3.0,1.0,1.0,1.0,1.0,1.0,1.0,2
770,"Nature, Adventure",Female,2,1,3.0,1.0,3.0,1.0,1.0,1.0,1.0,1.0,1
771,"City, Historical",Male,1,1,1.0,3.0,1.0,1.0,1.0,1.0,1.0,1.0,0
772,"Beaches, Historical",Male,1,0,4.0,3.0,1.0,1.0,1.0,1.0,1.0,1.0,2
773,"Nature, Adventure",Male,1,0,3.0,1.0,3.0,1.0,1.0,1.0,1.0,1.0,1
774,"City, Historical",Male,1,2,1.0,3.0,1.0,1.0,1.0,1.0,1.0,1.0,0
775,"Beaches, Historical",Male,2,0,4.0,3.0,1.0,1.0,1.0,1.0,1.0,1.0,2
776,"Nature, Adventure",Male,2,1,3.0,1.0,3.0,1.0,1.0,1.0,1.0,1.0,1
777,"City, Historical",Male,1,2,1.0,3.0,1.0,1.0,1.0,1.0,1.0,1.0,0
778,"Beaches, Historical",Female,1,0,4.0,3.0,1.0,1.0,1.0,1.0,1.0,1.0,2
779,"Nature, Adventure",Female,2,1,3.0,1.0,3.0,1.0,1.0,1.0,1.0,1.0,1
780,"City, Historical",Female,2,0,1.0,3.0,1.0,1.0,1.0,1.0,1.0,1.0,0
781,"Beaches, Historical",Female,1,0,4.0,3.0,1.0,1.0,1.0,1.0,1.0,1.0,2
782,"Nature, Adventure",Male,1,0,3.0,1.0,3.0,1.0,1.0,1.0,1.0,1.0,1
783,"City, Historical",Male,1,1,1.0,3.0,1.0,1.0,1.0,1.0,1.0,1.0,0
784,"Beaches, Historical",Male,2,1,4.0,3.0,1.0,1.0,1.0,1.0,1.0,1.0,2
785,"Nature, Adventure",Male,1,0,3.0,1.0,3.0,1.0,1.0,1.0,1.0,1.0,1
786,"City, Historical",Female,2,1,1.0,3.0,1.0,1.0,1.0,1.0,1.0,1.0,0
787,"Beaches, Historical",Male,1,0,4.0,3.0,1.0,1.0,1.0,1.0,1.0,1.0,2
788,"Nature, Adventure",Female,1,2,3.0,1.0,3.0,1.0,1.0,1.0,1.0,1.0,1
789,"City, Historical",Male,2,1,1.0,3.0,1.0,1.0,1.0,1.0,1.0,1.0,0
790,"Beaches, Historical",Male,1,0,4.0,3.0,1.0,1.0,1.0,1.0,1.0,1.0,2
791,"Nature, Adventure",Male,1,0,3.0,1.0,3.0,1.0,1.0,1.0,1.0,1.0,1
792,"City, Historical",Male,1,0,1.0,3.0,1.0,1.0,1.0,1.0,1.0,1.0,0
793,"Beaches, Historical",Male,2,2,4.0,3.0,1.0,1.0,1.0,1.0,1.0,1.0,2
794,"Nature, Adventure",Female,2,1,3.0,1.0,3.0,1.0,1.0,1.0,1.0,1.0,1
795,"City, Historical",Male,1,0,1.0,3.0,1.0,1.0,1.0,1.0,1.0,1.0,0
796,"Beaches, Historical",Female,1,0,4.0,3.0,1.0,1.0,1.0,1.0,1.0,1.0,2
797,"Nature, Adventure",Female,1,0,3.0,1.0,3.0,1.0,1.0,1.0,1.0,1.0,1
798,"City, Historical",Male,2,1,1.0,3.0,1.0,1.0,1.0,1.0,1.0,1.0,0
799,"Beaches, Historical",Female,1,2,4.0,3.0,1.0,1.0,1.0,1.0,1.0,1.0,2
800,"Nature, Adventure",Female,1,2,3.0,1.0,3.0,1.0,1.0,1.0,1.0,1.0,1
801,"City, Historical",Female,2,0,1.0,3.0,1.0,1.0,1.0,1.0,1.0,1.0,0
802,"Beaches, Historical",Male,1,0,4.0,3.0,1.0,1.0,1.0,1.0,1.0,1.0,2
803,"Nature, Adventure",Female,2,1,3.0,1.0,3.0,1.0,1.0,1.0,1.0,1.0,1
804,"City, Historical",Female,1,0,1.0,3.0,1.0,1.0,1.0,1.0,1.0,1.0,0
805,"Beaches, Historical",Male,1,2,4.0,3.0,1.0,1.0,1.0,1.0,1.0,1.0,2
806,"Nature, Adventure",Male,2,1,3.0,1.0,3.0,1.0,1.0,1.0,1.0,1.0,1
807,"City, Historical",Female,2,1,1.0,3.0,1.0,1.0,1.0,1.0,1.0,1.0,0
808,"Beaches, Historical",Female,1,0,4.0,3.0,1.0,1.0,1.0,1.0,1.0,1.0,2
809,"Nature, Adventure",Male,1,2,3.0,1.0,3.0,1.0,1.0,1.0,1.0,1.0,1
810,"City, Historical",Female,2,1,1.0,3.0,1.0,1.0,1.0,1.0,1.0,1.0,0
811,"Beaches, Historical",Male,2,1,4.0,3.0,1.0,1.0,1.0,1.0,1.0,1.0,2
812,"Nature, Adventure",Male,2,0,3.0,1.0,3.0,1.0,1.0,1.0,1.0,1.0,1
813,"City, Historical",Male,1,2,1.0,3.0,1.0,1.0,1.0,1.0,1.0,1.0,0
814,"Beaches, Historical",Male,1,2,4.0,3.0,1.0,1.0,1.0,1.0,1.0,1.0,2
815,"Nature, Adventure",Male,1,1,3.0,1.0,3.0,1.0,1.0,1.0,1.0,1.0,1
816,"City, Historical",Male,1,2,1.0,3.0,1.0,1.0,1.0,1.0,1.0,1.0,0
817,"Beaches, Historical",Female,1,0,4.0,3.0,1.0,1.0,1.0,1.0,1.0,1.0,2
818,"Nature, Adventure",Female,2,0,3.0,1.0,3.0,1.0,1.0,1.0,1.0,1.0,1
819,"City, Historical",Female,1,1,1.0,3.0,1.0,1.0,1.0,1.0,1.0,1.0,0
820,"Beaches, Historical",Male,1,1,4.0,3.0,1.0,1.0,1.0,1.0,1.0,1.0,2
821,"Nature, Adventure",Male,1,2,3.0,1.0,3.0,1.0,1.0,1.0,1.0,1.0,1
822,"City, Historical",Female,1,0,1.0,3.0,1.0,1.0,1.0,1.0,1.0,1.0,0
823,"Beaches, Historical",Female,1,2,4.0,3.0,1.0,1.0,1.0,1.0,1.0,1.0,2
824,"Nature, Adventure",Male,2,2,3.0,1.0,3.0,1.0,1.0,1.0,1.0,1.0,1
825,"City, Historical",Female,2,1,1.0,3.0,1.0,1.0,1.0,1.0,1.0,1.0,0
826,"Beaches, Historical",Female,2,0,4.0,3.0,1.0,1.0,1.0,1.0,1.0,1.0,2
827,"Nature, Adventure",Male,2,0,3.0,1.0,3.0,1.0,1.0,1.0,1.0,1.0,1
828,"City, Historical",Female,2,2,1.0,3.0,1.0,1.0,1.0,1.0,1.0,1.0,0
829,"Beaches, Historical",Female,1,0,4.0,3.0,1.0,1.0,1.0,1.0,1.0,1.0,2
830,"Nature, Adventure",Male,1,0,3.0,1.0,3.0,1.0,1.0,1.0,1.0,1.0,1
831,"City, Historical",Female,2,2,1.0,3.0,1.0,1.0,1.0,1.0,1.0,1.0,0
832,"Beaches, Historical",Female,2,1,4.0,3.0,1.0,1.0,1.0,1.0,1.0,1.0,2
833,"Nature, Adventure",Female,2,1,3.0,1.0,3.0,1.0,1.0,1.0,1.0,1.0,1
834,"City, Historical",Male,2,1,1.0,3.0,1.0,1.0,1.0,1.0,1.0,1.0,0
835,"Beaches, Historical",Female,2,2,4.0,3.0,1.0,1.0,1.0,1.0,1.0,1.0,2
836,"Nature, Adventure",Female,2,0,3.0,1.0,3.0,1.0,1.0,1.0,1.0,1.0,1
837,"City, Historical",Female,2,2,1.0,3.0,1.0,1.0,1.0,1.0,1.0,1.0,0
838,"Beaches, Historical",Female,2,2,4.0,3.0,1.0,1.0,1.0,1.0,1.0,1.0,2
839,"Nature, Adventure",Female,1,1,3.0,1.0,3.0,1.0,1.0,1.0,1.0,1.0,1
840,"City, Historical",Female,1,0,1.0,3.0,1.0,1.0,1.0,1.0,1.0,1.0,0
841,"Beaches, Historical",Female,1,1,4.0,3.0,1.0,1.0,1.0,1.0,1.0,1.0,2
842,"Nature, Adventure",Male,2,0,3.0,1.0,3.0,1.0,1.0,1.0,1.0,1.0,1
843,"City, Historical",Male,2,0,1.0,3.0,1.0,1.0,1.0,1.0,1.0,1.0,0
844,"Beaches, Historical",Male,2,1,4.0,3.0,1.0,1.0,1.0,1.0,1.0,1.0,2
845,"Nature, Adventure",Female,2,1,3.0,1.0,3.0,1.0,1.0,1.0,1.0,1.0,1
846,"City, Historical",Male,1,2,1.0,3.0,1.0,1.0,1.0,1.0,1.0,1.0,0
847,"Beaches, Historical",Female,1,0,4.0,3.0,1.0,1.0,1.0,1.0,1.0,1.0,2
848,"Nature, Adventure",Female,2,0,3.0,1.0,3.0,1.0,1.0,1.0,1.0,1.0,1
849,"City, Historical",Female,1,0,1.0,3.0,1.0,1.0,1.0,1.0,1.0,1.0,0
850,"Beaches, Historical",Male,2,0,4.0,3.0,1.0,1.0,1.0,1.0,1.0,1.0,2
851,"Nature, Adventure",Female,2,0,3.0,1.0,3.0,1.0,1.0,1.0,1.0,1.0,1
852,"City, Historical",Male,2,2,1.0,3.0,1.0,1.0,1.0,1.0,1.0,1.0,0
853,"Beaches, Historical",Male,2,0,4.0,3.0,1.0,1.0,1.0,1.0,1.0,1.0,2
854,"Nature, Adventure",Female,2,2,3.0,1.0,3.0,1.0,1.0,1.0,1.0,1.0,1
855,"City, Historical",Female,1,1,1.0,3.0,1.0,1.0,1.0,1.0,1.0,1.0,0
856,"Beaches, Historical",Female,1,2,4.0,3.0,1.0,1.0,1.0,1.0,1.0,1.0,2
857,"Nature, Adventure",Male,1,2,3.0,1.0,3.0,1.0,1.0,1.0,1.0,1.0,1
858,"City, Historical",Male,1,2,1.0,3.0,1.0,1.0,1.0,1.0,1.0,1.0,0
859,"Beaches, Historical",Male,2,1,4.0,3.0,1.0,1.0,1.0,1.0,1.0,1.0,2
860,"Nature, Adventure",Male,1,0,3.0,1.0,3.0,1.0,1.0,1.0,1.0,1.0,1
861,"City, Historical",Male,1,2,1.0,3.0,1.0,1.0,1.0,1.0,1.0,1.0,0
862,"Beaches, Historical",Male,1,1,4.0,3.0,1.0,1.0,1.0,1.0,1.0,1.0,2
863,"Nature, Adventure",Male,1,2,3.0,1.0,3.0,1.0,1.0,1.0,1.0,1.0,1
864,"City, Historical",Female,2,2,1.0,3.0,1.0,1.0,1.0,1.0,1.0,1.0,0
865,"Beaches, Historical",Male,2,1,4.0,3.0,1.0,1.0,1.0,1.0,1.0,1.0,2
866,"Nature, Adventure",Male,2,2,3.0,1.0,3.0,1.0,1.0,1.0,1.0,1.0,1
867,"City, Historical",Male,2,2,1.0,3.0,1.0,1.0,1.0,1.0,1.0,1.0,0
868,"Beaches, Historical",Female,2,0,4.0,3.0,1.0,1.0,1.0,1.0,1.0,1.0,2
869,"Nature, Adventure",Male,1,1,3.0,1.0,3.0,1.0,1.0,1.0,1.0,1.0,1
870,"City, Historical",Female,2,2,1.0,3.0,1.0,1.0,1.0,1.0,1.0,1.0,0
871,"Beaches, Historical",Male,1,1,4.0,3.0,1.0,1.0,1.0,1.0,1.0,1.0,2
872,"Nature, Adventure",Male,1,1,3.0,1.0,3.0,1.0,1.0,1.0,1.0,1.0,1
873,"City, Historical",Female,2,0,1.0,3.0,1.0,1.0,1.0,1.0,1.0,1.0,0
874,"Beaches, Historical",Male,2,0,4.0,3.0,1.0,1.0,1.0,1.0,1.0,1.0,2
875,"Nature, Adventure",Male,2,0,3.0,1.0,3.0,1.0,1.0,1.0,1.0,1.0,1
876,"City, Historical",Male,2,2,1.0,3.0,1.0,1.0,1.0,1.0,1.0,1.0,0
877,"Beaches, Historical",Female,2,2,4.0,3.0,1.0,1.0,1.0,1.0,1.0,1.0,2
878,"Nature, Adventure",Female,1,2,3.0,1.0,3.0,1.0,1.0,1.0,1.0,1.0,1
879,"City, Historical",Female,1,2,1.0,3.0,1.0,1.0,1.0,1.0,1.0,1.0,0
880,"Beaches, Historical",Male,2,2,4.0,3.0,1.0,1.0,1.0,1.0,1.0,1.0,2
881,"Nature, Adventure",Male,1,2,3.0,1.0,3.0,1.0,1.0,1.0,1.0,1.0,1
882,"City, Historical",Male,1,1,1.0,3.0,1.0,1.0,1.0,1.0,1.0,1.0,0
883,"Beaches, Historical",Female,2,1,4.0,3.0,1.0,1.0,1.0,1.0,1.0,1.0,2
884,"Nature, Adventure",Male,2,0,3.0,1.0,3.0,1.0,1.0,1.0,1.0,1.0,1
885,"City, Historical",Male,2,2,1.0,3.0,1.0,1.0,1.0,1.0,1.0,1.0,0
886,"Beaches, Historical",Male,1,1,4.0,3.0,1.0,1.0,1.0,1.0,1.0,1.0,2
887,"Nature, Adventure",Female,1,0,3.0,1.0,3.0,1.0,1.0,1.0,1.0,1.0,1
888,"City, Historical",Female,2,0,1.0,3.0,1.0,1.0,1.0,1.0,1.0,1.0,0
889,"Beaches, Historical",Male,2,0,4.0,3.0,1.0,1.0,1.0,1.0,1.0,1.0,2
890,"Nature, Adventure",Male,1,0,3.0,1.0,3.0,1.0,1.0,1.0,1.0,1.0,1
891,"City, Historical",Male,1,1,1.0,3.0,1.0,1.0,1.0,1.0,1.0,1.0,0
892,"Beaches, Historical",Female,1,1,4.0,3.0,1.0,1.0,1.0,1.0,1.0,1.0,2
893,"Nature, Adventure",Male,2,1,3.0,1.0,3.0,1.0,1.0,1.0,1.0,1.0,1
894,"City, Historical",Female,2,0,1.0,3.0,1.0,1.0,1.0,1.0,1.0,1.0,0
895,"Beaches, Historical",Female,1,0,4.0,3.0,1.0,1.0,1.0,1.0,1.0,1.0,2
896,"Nature, Adventure",Female,2,2,3.0,1.0,3.0,1.0,1.0,1.0,1.0,1.0,1
897,"City, Historical",Female,1,2,1.0,3.0,1.0,1.0,1.0,1.0,1.0,1.0,0
898,"Beaches, Historical",Female,2,0,4.0,3.0,1.0,1.0,1.0,1.0,1.0,1.0,2
899,"Nature, Adventure",Female,1,1,3.0,1.0,3.0,1.0,1.0,1.0,1.0,1.0,1
900,"City, Historical",Female,2,0,1.0,3.0,1.0,1.0,1.0,1.0,1.0,1.0,0
901,"Beaches, Historical",Female,2,2,4.0,3.0,1.0,1.0,1.0,1.0,1.0,1.0,2
902,"Nature, Adventure",Female,2,2,3.0,1.0,3.0,1.0,1.0,1.0,1.0,1.0,1
903,"City, Historical",Male,2,1,1.0,3.0,1.0,1.0,1.0,1.0,1.0,1.0,0
904,"Beaches, Historical",Male,1,0,4.0,3.0,1.0,1.0,1.0,1.0,1.0,1.0,2
905,"Nature, Adventure",Female,1,2,3.0,1.0,3.0,1.0,1.0,1.0,1.0,1.0,1
906,"City, Historical",Male,1,1,1.0,3.0,1.0,1.0,1.0,1.0,1.0,1.0,0
907,"Beaches, Historical",Female,2,2,4.0,3.0,1.0,1.0,1.0,1.0,1.0,1.0,2
908,"Nature, Adventure",Female,2,1,3.0,1.0,3.0,1.0,1.0,1.0,1.0,1.0,1
909,"City, Historical",Male,2,2,1.0,3.0,1.0,1.0,1.0,1.0,1.0,1.0,0
910,"Beaches, Historical",Male,2,2,4.0,3.0,1.0,1.0,1.0,1.0,1.0,1.0,2
911,"Nature, Adventure",Female,1,0,3.0,1.0,3.0,1.0,1.0,1.0,1.0,1.0,1
912,"City, Historical",Male,1,1,1.0,3.0,1.0,1.0,1.0,1.0,1.0,1.0,0
913,"Beaches, Historical",Male,1,1,4.0,3.0,1.0,1.0,1.0,1.0,1.0,1.0,2
914,"Nature, Adventure",Male,1,2,3.0,1.0,3.0,1.0,1.0,1.0,1.0,1.0,1
915,"City, Historical",Male,1,0,1.0,3.0,1.0,1.0,1.0,1.0,1.0,1.0,0
916,"Beaches, Historical",Female,1,2,4.0,3.0,1.0,1.0,1.0,1.0,1.0,1.0,2
917,"Nature, Adventure",Female,2,2,3.0,1.0,3.0,1.0,1.0,1.0,1.0,1.0,1
918,"City, Historical",Male,2,2,1.0,3.0,1.0,1.0,1.0,1.0,1.0,1.0,0
919,"Beaches, Historical",Female,1,1,4.0,3.0,1.0,1.0,1.0,1.0,1.0,1.0,2
920,"Nature, Adventure",Female,2,0,3.0,1.0,3.0,1.0,1.0,1.0,1.0,1.0,1
921,"City, Historical",Male,1,2,1.0,3.0,1.0,1.0,1.0,1.0,1.0,1.0,0
922,"Beaches, Historical",Male,1,2,4.0,3.0,1.0,1.0,1.0,1.0,1.0,1.0,2
923,"Nature, Adventure",Female,2,2,3.0,1.0,3.0,1.0,1.0,1.0,1.0,1.0,1
924,"City, Historical",Female,1,1,1.0,3.0,1.0,1.0,1.0,1.0,1.0,1.0,0
925,"Beaches, Historical",Male,2,2,4.0,3.0,1.0,1.0,1.0,1.0,1.0,1.0,2
926,"Nature, Adventure",Female,1,1,3.0,1.0,3.0,1.0,1.0,1.0,1.0,1.0,1
927,"City, Historical",Male,1,1,1.0,3.0,1.0,1.0,1.0,1.0,1.0,1.0,0
928,"Beaches, Historical",Female,1,1,4.0,3.0,1.0,1.0,1.0,1.0,1.0,1.0,2
929,"Nature, Adventure",Male,1,1,3.0,1.0,3.0,1.0,1.0,1.0,1.0,1.0,1
930,"City, Historical",Male,2,1,1.0,3.0,1.0,1.0,1.0,1.0,1.0,1.0,0
931,"Beaches, Historical",Male,1,0,4.0,3.0,1.0,1.0,1.0,1.0,1.0,1.0,2
932,"Nature, Adventure",Female,1,1,3.0,1.0,3.0,1.0,1.0,1.0,1.0,1.0,1
933,"City, Historical",Male,2,1,1.0,3.0,1.0,1.0,1.0,1.0,1.0,1.0,0
934,"Beaches, Historical",Female,2,2,4.0,3.0,1.0,1.0,1.0,1.0,1.0,1.0,2
935,"Nature, Adventure",Female,1,0,3.0,1.0,3.0,1.0,1.0,1.0,1.0,1.0,1
936,"City, Historical",Male,1,0,1.0,3.0,1.0,1.0,1.0,1.0,1.0,1.0,0
937,"Beaches, Historical",Female,2,2,4.0,3.0,1.0,1.0,1.0,1.0,1.0,1.0,2
938,"Nature, Adventure",Female,1,1,3.0,1.0,3.0,1.0,1.0,1.0,1.0,1.0,1
939,"City, Historical",Female,2,0,1.0,3.0,1.0,1.0,1.0,1.0,1.0,1.0,0
940,"Beaches, Historical",Female,1,1,4.0,3.0,1.0,1.0,1.0,1.0,1.0,1.0,2
941,"Nature, Adventure",Male,2,2,3.0,1.0,3.0,1.0,1.0,1.0,1.0,1.0,1
942,"City, Historical",Male,1,0,1.0,3.0,1.0,1.0,1.0,1.0,1.0,1.0,0
943,"Beaches, Historical",Male,2,1,4.0,3.0,1.0,1.0,1.0,1.0,1.0,1.0,2
944,"Nature, Adventure",Female,2,0,3.0,1.0,3.0,1.0,1.0,1.0,1.0,1.0,1
945,"City, Historical",Male,2,0,1.0,3.0,1.0,1.0,1.0,1.0,1.0,1.0,0
946,"Beaches, Historical",Male,1,1,4.0,3.0,1.0,1.0,1.0,1.0,1.0,1.0,2
947,"Nature, Adventure",Female,2,1,3.0,1.0,3.0,1.0,1.0,1.0,1.0,1.0,1
948,"City, Historical",Male,1,0,1.0,3.0,1.0,1.0,1.0,1.0,1.0,1.0,0
949,"Beaches, Historical",Female,2,2,4.0,3.0,1.0,1.0,1.0,1.0,1.0,1.0,2
950,"Nature, Adventure",Male,2,0,3.0,1.0,3.0,1.0,1.0,1.0,1.0,1.0,1
951,"City, Historical",Male,1,2,1.0,3.0,1.0,1.0,1.0,1.0,1.0,1.0,0
952,"Beaches, Historical",Female,1,0,4.0,3.0,1.0,1.0,1.0,1.0,1.0,1.0,2
953,"Nature, Adventure",Female,1,1,3.0,1.0,3.0,1.0,1.0,1.0,1.0,1.0,1
954,"City, Historical",Male,2,2,1.0,3.0,1.0,1.0,1.0,1.0,1.0,1.0,0
955,"Beaches, Historical",Female,2,2,4.0,3.0,1.0,1.0,1.0,1.0,1.0,1.0,2
956,"Nature, Adventure",Male,1,0,3.0,1.0,3.0,1.0,1.0,1.0,1.0,1.0,1
957,"City, Historical",Female,1,0,1.0,3.0,1.0,1.0,1.0,1.0,1.0,1.0,0
958,"Beaches, Historical",Male,1,2,4.0,3.0,1.0,1.0,1.0,1.0,1.0,1.0,2
959,"Nature, Adventure",Male,1,1,3.0,1.0,3.0,1.0,1.0,1.0,1.0,1.0,1
960,"City, Historical",Male,1,2,1.0,3.0,1.0,1.0,1.0,1.0,1.0,1.0,0
961,"Beaches, Historical",Female,1,2,4.0,3.0,1.0,1.0,1.0,1.0,1.0,1.0,2
962,"Nature, Adventure",Female,2,1,3.0,1.0,3.0,1.0,1.0,1.0,1.0,1.0,1
963,"City, Historical",Male,1,1,1.0,3.0,1.0,1.0,1.0,1.0,1.0,1.0,0
964,"Beaches, Historical",Female,1,0,4.0,3.0,1.0,1.0,1.0,1.0,1.0,1.0,2
965,"Nature, Adventure",Male,1,0,3.0,1.0,3.0,1.0,1.0,1.0,1.0,1.0,1
966,"City, Historical",Female,1,0,1.0,3.0,1.0,1.0,1.0,1.0,1.0,1.0,0
967,"Beaches, Historical",Female,2,1,4.0,3.0,1.0,1.0,1.0,1.0,1.0,1.0,2
968,"Nature, Adventure",Female,1,2,3.0,1.0,3.0,1.0,1.0,1.0,1.0,1.0,1
969,"City, Historical",Male,1,1,1.0,3.0,1.0,1.0,1.0,1.0,1.0,1.0,0
970,"Beaches, Historical",Female,1,0,4.0,3.0,1.0,1.0,1.0,1.0,1.0,1.0,2
971,"Nature, Adventure",Female,2,2,3.0,1.0,3.0,1.0,1.0,1.0,1.0,1.0,1
972,"City, Historical",Female,2,0,1.0,3.0,1.0,1.0,1.0,1.0,1.0,1.0,0
973,"Beaches, Historical",Female,1,2,4.0,3.0,1.0,1.0,1.0,1.0,1.0,1.0,2
974,"Nature, Adventure",Male,2,1,3.0,1.0,3.0,1.0,1.0,1.0,1.0,1.0,1
975,"City, Historical",Female,1,0,1.0,3.0,1.0,1.0,1.0,1.0,1.0,1.0,0
976,"Beaches, Historical",Male,1,1,4.0,3.0,1.0,1.0,1.0,1.0,1.0,1.0,2
977,"Nature, Adventure",Male,1,1,3.0,1.0,3.0,1.0,1.0,1.0,1.0,1.0,1
978,"City, Historical",Female,2,1,1.0,3.0,1.0,1.0,1.0,1.0,1.0,1.0,0
979,"Beaches, Historical",Male,1,2,4.0,3.0,1.0,1.0,1.0,1.0,1.0,1.0,2
980,"Nature, Adventure",Female,1,1,3.0,1.0,3.0,1.0,1.0,1.0,1.0,1.0,1
981,"City, Historical",Male,1,1,1.0,3.0,1.0,1.0,1.0,1.0,1.0,1.0,0
982,"Beaches, Historical",Female,2,2,4.0,3.0,1.0,1.0,1.0,1.0,1.0,1.0,2
983,"Nature, Adventure",Male,2,1,3.0,1.0,3.0,1.0,1.0,1.0,1.0,1.0,1
984,"City, Historical",Male,2,1,1.0,3.0,1.0,1.0,1.0,1.0,1.0,1.0,0
985,"Beaches, Historical",Male,1,1,4.0,3.0,1.0,1.0,1.0,1.0,1.0,1.0,2
986,"Nature, Adventure",Female,1,2,3.0,1.0,3.0,1.0,1.0,1.0,1.0,1.0,1
987,"City, Historical",Female,2,2,1.0,3.0,1.0,1.0,1.0,1.0,1.0,1.0,0
988,"Beaches, Historical",Male,1,0,4.0,3.0,1.0,1.0,1.0,1.0,1.0,1.0,2
989,"Nature, Adventure",Male,2,1,3.0,1.0,3.0,1.0,1.0,1.0,1.0,1.0,1
990,"City, Historical",Female,2,2,1.0,3.0,1.0,1.0,1.0,1.0,1.0,1.0,0
991,"Beaches, Historical",Female,1,1,4.0,3.0,1.0,1.0,1.0,1.0,1.0,1.0,2
992,"Nature, Adventure",Male,1,2,3.0,1.0,3.0,1.0,1.0,1.0,1.0,1.0,1
993,"City, Historical",Male,1,2,1.0,3.0,1.0,1.0,1.0,1.0,1.0,1.0,0
994,"Beaches, Historical",Male,1,2,4.0,3.0,1.0,1.0,1.0,1.0,1.0,1.0,2
995,"Nature, Adventure",Male,1,0,3.0,1.0,3.0,1.0,1.0,1.0,1.0,1.0,1
996,"City, Historical",Male,1,1,1.0,3.0,1.0,1.0,1.0,1.0,1.0,1.0,0
997,"Beaches, Historical",Male,1,2,4.0,3.0,1.0,1.0,1.0,1.0,1.0,1.0,2
998,"Nature, Adventure",Male,1,1,3.0,1.0,3.0,1.0,1.0,1.0,1.0,1.0,1
999,"City, Historical",Male,2,2,1.0,3.0,1.0,1.0,1.0,1.0,1.0,1.0,0
