UserID,Preferences,Gender,NumberOfAdults,NumberOfChildren,Nature_Interest,Culture_Interest,Adventure_Interest,Food_Interest,Wellness_Interest,Entertainment_Interest,Shopping_Interest,Family_Interest
1,"Beaches, Historical",Female,1,0,4.0,3.0,1.0,1.0,1.0,1.0,1.0,1.0
2,"Nature, Adventure",Male,2,2,3.0,1.0,3.0,1.0,1.0,1.0,1.0,1.0
3,"City, Historical",Female,2,0,1.0,3.0,1.0,1.0,1.0,1.0,1.0,1.0
4,"Beaches, Historical",Female,1,0,4.0,3.0,1.0,1.0,1.0,1.0,1.0,1.0
5,"Nature, Adventure",Female,2,2,3.0,1.0,3.0,1.0,1.0,1.0,1.0,1.0
6,"City, Historical",Male,2,0,1.0,3.0,1.0,1.0,1.0,1.0,1.0,1.0
7,"Beaches, Historical",Male,2,1,4.0,3.0,1.0,1.0,1.0,1.0,1.0,1.0
8,"Nature, Adventure",Male,2,2,3.0,1.0,3.0,1.0,1.0,1.0,1.0,1.0
9,"City, Historical",Female,2,0,1.0,3.0,1.0,1.0,1.0,1.0,1.0,1.0
10,"Beaches, Historical",Male,2,2,4.0,3.0,1.0,1.0,1.0,1.0,1.0,1.0
11,"Nature, Adventure",Male,2,2,3.0,1.0,3.0,1.0,1.0,1.0,1.0,1.0
12,"City, Historical",Female,1,1,1.0,3.0,1.0,1.0,1.0,1.0,1.0,1.0
13,"Beaches, Historical",Male,1,2,4.0,3.0,1.0,1.0,1.0,1.0,1.0,1.0
14,"Nature, Adventure",Female,2,2,3.0,1.0,3.0,1.0,1.0,1.0,1.0,1.0
15,"City, Historical",Male,1,2,1.0,3.0,1.0,1.0,1.0,1.0,1.0,1.0
16,"Beaches, Historical",Female,1,2,4.0,3.0,1.0,1.0,1.0,1.0,1.0,1.0
17,"Nature, Adventure",Female,1,2,3.0,1.0,3.0,1.0,1.0,1.0,1.0,1.0
18,"City, Historical",Male,1,0,1.0,3.0,1.0,1.0,1.0,1.0,1.0,1.0
19,"Beaches, Historical",Female,1,2,4.0,3.0,1.0,1.0,1.0,1.0,1.0,1.0
20,"Nature, Adventure",Female,2,0,3.0,1.0,3.0,1.0,1.0,1.0,1.0,1.0
21,"City, Historical",Male,1,0,1.0,3.0,1.0,1.0,1.0,1.0,1.0,1.0
22,"Beaches, Historical",Male,2,1,4.0,3.0,1.0,1.0,1.0,1.0,1.0,1.0
23,"Nature, Adventure",Male,2,1,3.0,1.0,3.0,1.0,1.0,1.0,1.0,1.0
24,"City, Historical",Male,1,2,1.0,3.0,1.0,1.0,1.0,1.0,1.0,1.0
25,"Beaches, Historical",Female,1,1,4.0,3.0,1.0,1.0,1.0,1.0,1.0,1.0
26,"Nature, Adventure",Male,2,0,3.0,1.0,3.0,1.0,1.0,1.0,1.0,1.0
27,"City, Historical",Female,2,2,1.0,3.0,1.0,1.0,1.0,1.0,1.0,1.0
28,"Beaches, Historical",Female,2,1,4.0,3.0,1.0,1.0,1.0,1.0,1.0,1.0
29,"Nature, Adventure",Female,2,0,3.0,1.0,3.0,1.0,1.0,1.0,1.0,1.0
30,"City, Historical",Female,1,1,1.0,3.0,1.0,1.0,1.0,1.0,1.0,1.0
31,"Beaches, Historical",Male,2,2,4.0,3.0,1.0,1.0,1.0,1.0,1.0,1.0
32,"Nature, Adventure",Female,1,1,3.0,1.0,3.0,1.0,1.0,1.0,1.0,1.0
33,"City, Historical",Male,2,2,1.0,3.0,1.0,1.0,1.0,1.0,1.0,1.0
34,"Beaches, Historical",Female,1,2,4.0,3.0,1.0,1.0,1.0,1.0,1.0,1.0
35,"Nature, Adventure",Male,2,1,3.0,1.0,3.0,1.0,1.0,1.0,1.0,1.0
36,"City, Historical",Male,2,2,1.0,3.0,1.0,1.0,1.0,1.0,1.0,1.0
37,"Beaches, Historical",Male,1,2,4.0,3.0,1.0,1.0,1.0,1.0,1.0,1.0
38,"Nature, Adventure",Female,2,2,3.0,1.0,3.0,1.0,1.0,1.0,1.0,1.0
39,"City, Historical",Male,2,2,1.0,3.0,1.0,1.0,1.0,1.0,1.0,1.0
40,"Beaches, Historical",Male,1,1,4.0,3.0,1.0,1.0,1.0,1.0,1.0,1.0
41,"Nature, Adventure",Male,1,2,3.0,1.0,3.0,1.0,1.0,1.0,1.0,1.0
42,"City, Historical",Female,2,2,1.0,3.0,1.0,1.0,1.0,1.0,1.0,1.0
43,"Beaches, Historical",Female,1,2,4.0,3.0,1.0,1.0,1.0,1.0,1.0,1.0
44,"Nature, Adventure",Male,2,2,3.0,1.0,3.0,1.0,1.0,1.0,1.0,1.0
45,"City, Historical",Female,2,0,1.0,3.0,1.0,1.0,1.0,1.0,1.0,1.0
46,"Beaches, Historical",Female,2,1,4.0,3.0,1.0,1.0,1.0,1.0,1.0,1.0
47,"Nature, Adventure",Female,2,1,3.0,1.0,3.0,1.0,1.0,1.0,1.0,1.0
48,"City, Historical",Male,2,0,1.0,3.0,1.0,1.0,1.0,1.0,1.0,1.0
49,"Beaches, Historical",Male,1,1,4.0,3.0,1.0,1.0,1.0,1.0,1.0,1.0
50,"Nature, Adventure",Female,2,0,3.0,1.0,3.0,1.0,1.0,1.0,1.0,1.0
51,"City, Historical",Male,1,1,1.0,3.0,1.0,1.0,1.0,1.0,1.0,1.0
52,"Beaches, Historical",Female,2,1,4.0,3.0,1.0,1.0,1.0,1.0,1.0,1.0
53,"Nature, Adventure",Male,2,2,3.0,1.0,3.0,1.0,1.0,1.0,1.0,1.0
54,"City, Historical",Male,2,0,1.0,3.0,1.0,1.0,1.0,1.0,1.0,1.0
55,"Beaches, Historical",Female,2,0,4.0,3.0,1.0,1.0,1.0,1.0,1.0,1.0
56,"Nature, Adventure",Male,1,1,3.0,1.0,3.0,1.0,1.0,1.0,1.0,1.0
57,"City, Historical",Male,2,0,1.0,3.0,1.0,1.0,1.0,1.0,1.0,1.0
58,"Beaches, Historical",Male,1,2,4.0,3.0,1.0,1.0,1.0,1.0,1.0,1.0
59,"Nature, Adventure",Male,1,1,3.0,1.0,3.0,1.0,1.0,1.0,1.0,1.0
60,"City, Historical",Male,2,1,1.0,3.0,1.0,1.0,1.0,1.0,1.0,1.0
61,"Beaches, Historical",Male,2,2,4.0,3.0,1.0,1.0,1.0,1.0,1.0,1.0
62,"Nature, Adventure",Male,1,0,3.0,1.0,3.0,1.0,1.0,1.0,1.0,1.0
63,"City, Historical",Male,2,0,1.0,3.0,1.0,1.0,1.0,1.0,1.0,1.0
64,"Beaches, Historical",Male,1,1,4.0,3.0,1.0,1.0,1.0,1.0,1.0,1.0
65,"Nature, Adventure",Female,2,1,3.0,1.0,3.0,1.0,1.0,1.0,1.0,1.0
66,"City, Historical",Male,1,2,1.0,3.0,1.0,1.0,1.0,1.0,1.0,1.0
67,"Beaches, Historical",Female,1,0,4.0,3.0,1.0,1.0,1.0,1.0,1.0,1.0
68,"Nature, Adventure",Male,1,0,3.0,1.0,3.0,1.0,1.0,1.0,1.0,1.0
69,"City, Historical",Male,1,0,1.0,3.0,1.0,1.0,1.0,1.0,1.0,1.0
70,"Beaches, Historical",Male,1,2,4.0,3.0,1.0,1.0,1.0,1.0,1.0,1.0
71,"Nature, Adventure",Female,2,2,3.0,1.0,3.0,1.0,1.0,1.0,1.0,1.0
72,"City, Historical",Male,2,1,1.0,3.0,1.0,1.0,1.0,1.0,1.0,1.0
73,"Beaches, Historical",Female,1,1,4.0,3.0,1.0,1.0,1.0,1.0,1.0,1.0
74,"Nature, Adventure",Male,1,1,3.0,1.0,3.0,1.0,1.0,1.0,1.0,1.0
75,"City, Historical",Male,1,1,1.0,3.0,1.0,1.0,1.0,1.0,1.0,1.0
76,"Beaches, Historical",Female,2,0,4.0,3.0,1.0,1.0,1.0,1.0,1.0,1.0
77,"Nature, Adventure",Male,2,0,3.0,1.0,3.0,1.0,1.0,1.0,1.0,1.0
78,"City, Historical",Male,1,0,1.0,3.0,1.0,1.0,1.0,1.0,1.0,1.0
79,"Beaches, Historical",Male,2,0,4.0,3.0,1.0,1.0,1.0,1.0,1.0,1.0
80,"Nature, Adventure",Female,1,2,3.0,1.0,3.0,1.0,1.0,1.0,1.0,1.0
81,"City, Historical",Female,1,2,1.0,3.0,1.0,1.0,1.0,1.0,1.0,1.0
82,"Beaches, Historical",Male,2,0,4.0,3.0,1.0,1.0,1.0,1.0,1.0,1.0
83,"Nature, Adventure",Female,1,1,3.0,1.0,3.0,1.0,1.0,1.0,1.0,1.0
84,"City, Historical",Female,2,0,1.0,3.0,1.0,1.0,1.0,1.0,1.0,1.0
85,"Beaches, Historical",Female,2,1,4.0,3.0,1.0,1.0,1.0,1.0,1.0,1.0
86,"Nature, Adventure",Male,2,2,3.0,1.0,3.0,1.0,1.0,1.0,1.0,1.0
87,"City, Historical",Male,2,2,1.0,3.0,1.0,1.0,1.0,1.0,1.0,1.0
88,"Beaches, Historical",Male,2,1,4.0,3.0,1.0,1.0,1.0,1.0,1.0,1.0
89,"Nature, Adventure",Male,2,0,3.0,1.0,3.0,1.0,1.0,1.0,1.0,1.0
90,"City, Historical",Female,1,0,1.0,3.0,1.0,1.0,1.0,1.0,1.0,1.0
91,"Beaches, Historical",Male,2,1,4.0,3.0,1.0,1.0,1.0,1.0,1.0,1.0
92,"Nature, Adventure",Female,2,0,3.0,1.0,3.0,1.0,1.0,1.0,1.0,1.0
93,"City, Historical",Female,1,0,1.0,3.0,1.0,1.0,1.0,1.0,1.0,1.0
94,"Beaches, Historical",Male,1,2,4.0,3.0,1.0,1.0,1.0,1.0,1.0,1.0
95,"Nature, Adventure",Female,2,1,3.0,1.0,3.0,1.0,1.0,1.0,1.0,1.0
96,"City, Historical",Male,1,0,1.0,3.0,1.0,1.0,1.0,1.0,1.0,1.0
97,"Beaches, Historical",Male,1,2,4.0,3.0,1.0,1.0,1.0,1.0,1.0,1.0
98,"Nature, Adventure",Male,2,0,3.0,1.0,3.0,1.0,1.0,1.0,1.0,1.0
99,"City, Historical",Male,2,0,1.0,3.0,1.0,1.0,1.0,1.0,1.0,1.0
100,"Beaches, Historical",Female,1,1,4.0,3.0,1.0,1.0,1.0,1.0,1.0,1.0
101,"Nature, Adventure",Female,2,0,3.0,1.0,3.0,1.0,1.0,1.0,1.0,1.0
102,"City, Historical",Female,1,2,1.0,3.0,1.0,1.0,1.0,1.0,1.0,1.0
103,"Beaches, Historical",Female,1,0,4.0,3.0,1.0,1.0,1.0,1.0,1.0,1.0
104,"Nature, Adventure",Male,2,1,3.0,1.0,3.0,1.0,1.0,1.0,1.0,1.0
105,"City, Historical",Male,1,0,1.0,3.0,1.0,1.0,1.0,1.0,1.0,1.0
106,"Beaches, Historical",Male,1,0,4.0,3.0,1.0,1.0,1.0,1.0,1.0,1.0
107,"Nature, Adventure",Female,1,1,3.0,1.0,3.0,1.0,1.0,1.0,1.0,1.0
108,"City, Historical",Male,2,0,1.0,3.0,1.0,1.0,1.0,1.0,1.0,1.0
109,"Beaches, Historical",Female,2,0,4.0,3.0,1.0,1.0,1.0,1.0,1.0,1.0
110,"Nature, Adventure",Female,1,1,3.0,1.0,3.0,1.0,1.0,1.0,1.0,1.0
111,"City, Historical",Male,2,0,1.0,3.0,1.0,1.0,1.0,1.0,1.0,1.0
112,"Beaches, Historical",Male,1,2,4.0,3.0,1.0,1.0,1.0,1.0,1.0,1.0
113,"Nature, Adventure",Male,1,0,3.0,1.0,3.0,1.0,1.0,1.0,1.0,1.0
114,"City, Historical",Male,1,0,1.0,3.0,1.0,1.0,1.0,1.0,1.0,1.0
115,"Beaches, Historical",Female,1,1,4.0,3.0,1.0,1.0,1.0,1.0,1.0,1.0
116,"Nature, Adventure",Male,1,1,3.0,1.0,3.0,1.0,1.0,1.0,1.0,1.0
117,"City, Historical",Male,2,1,1.0,3.0,1.0,1.0,1.0,1.0,1.0,1.0
118,"Beaches, Historical",Male,1,1,4.0,3.0,1.0,1.0,1.0,1.0,1.0,1.0
119,"Nature, Adventure",Male,2,0,3.0,1.0,3.0,1.0,1.0,1.0,1.0,1.0
120,"City, Historical",Male,1,2,1.0,3.0,1.0,1.0,1.0,1.0,1.0,1.0
121,"Beaches, Historical",Female,2,2,4.0,3.0,1.0,1.0,1.0,1.0,1.0,1.0
122,"Nature, Adventure",Male,2,2,3.0,1.0,3.0,1.0,1.0,1.0,1.0,1.0
123,"City, Historical",Female,2,1,1.0,3.0,1.0,1.0,1.0,1.0,1.0,1.0
124,"Beaches, Historical",Male,2,0,4.0,3.0,1.0,1.0,1.0,1.0,1.0,1.0
125,"Nature, Adventure",Female,2,0,3.0,1.0,3.0,1.0,1.0,1.0,1.0,1.0
126,"City, Historical",Female,1,0,1.0,3.0,1.0,1.0,1.0,1.0,1.0,1.0
127,"Beaches, Historical",Female,2,2,4.0,3.0,1.0,1.0,1.0,1.0,1.0,1.0
128,"Nature, Adventure",Male,2,2,3.0,1.0,3.0,1.0,1.0,1.0,1.0,1.0
129,"City, Historical",Male,2,1,1.0,3.0,1.0,1.0,1.0,1.0,1.0,1.0
130,"Beaches, Historical",Male,2,2,4.0,3.0,1.0,1.0,1.0,1.0,1.0,1.0
131,"Nature, Adventure",Female,1,2,3.0,1.0,3.0,1.0,1.0,1.0,1.0,1.0
132,"City, Historical",Female,2,2,1.0,3.0,1.0,1.0,1.0,1.0,1.0,1.0
133,"Beaches, Historical",Male,2,2,4.0,3.0,1.0,1.0,1.0,1.0,1.0,1.0
134,"Nature, Adventure",Female,1,0,3.0,1.0,3.0,1.0,1.0,1.0,1.0,1.0
135,"City, Historical",Female,1,2,1.0,3.0,1.0,1.0,1.0,1.0,1.0,1.0
136,"Beaches, Historical",Male,2,2,4.0,3.0,1.0,1.0,1.0,1.0,1.0,1.0
137,"Nature, Adventure",Female,1,2,3.0,1.0,3.0,1.0,1.0,1.0,1.0,1.0
138,"City, Historical",Female,1,2,1.0,3.0,1.0,1.0,1.0,1.0,1.0,1.0
139,"Beaches, Historical",Male,1,2,4.0,3.0,1.0,1.0,1.0,1.0,1.0,1.0
140,"Nature, Adventure",Female,1,2,3.0,1.0,3.0,1.0,1.0,1.0,1.0,1.0
141,"City, Historical",Female,2,1,1.0,3.0,1.0,1.0,1.0,1.0,1.0,1.0
142,"Beaches, Historical",Male,2,1,4.0,3.0,1.0,1.0,1.0,1.0,1.0,1.0
143,"Nature, Adventure",Male,1,0,3.0,1.0,3.0,1.0,1.0,1.0,1.0,1.0
144,"City, Historical",Female,1,1,1.0,3.0,1.0,1.0,1.0,1.0,1.0,1.0
145,"Beaches, Historical",Male,2,0,4.0,3.0,1.0,1.0,1.0,1.0,1.0,1.0
146,"Nature, Adventure",Female,1,1,3.0,1.0,3.0,1.0,1.0,1.0,1.0,1.0
147,"City, Historical",Female,2,1,1.0,3.0,1.0,1.0,1.0,1.0,1.0,1.0
148,"Beaches, Historical",Male,2,1,4.0,3.0,1.0,1.0,1.0,1.0,1.0,1.0
149,"Nature, Adventure",Male,2,0,3.0,1.0,3.0,1.0,1.0,1.0,1.0,1.0
150,"City, Historical",Male,2,0,1.0,3.0,1.0,1.0,1.0,1.0,1.0,1.0
151,"Beaches, Historical",Female,1,1,4.0,3.0,1.0,1.0,1.0,1.0,1.0,1.0
152,"Nature, Adventure",Male,1,1,3.0,1.0,3.0,1.0,1.0,1.0,1.0,1.0
153,"City, Historical",Female,1,0,1.0,3.0,1.0,1.0,1.0,1.0,1.0,1.0
154,"Beaches, Historical",Female,2,0,4.0,3.0,1.0,1.0,1.0,1.0,1.0,1.0
155,"Nature, Adventure",Male,1,1,3.0,1.0,3.0,1.0,1.0,1.0,1.0,1.0
156,"City, Historical",Female,2,1,1.0,3.0,1.0,1.0,1.0,1.0,1.0,1.0
157,"Beaches, Historical",Female,2,1,4.0,3.0,1.0,1.0,1.0,1.0,1.0,1.0
158,"Nature, Adventure",Male,2,1,3.0,1.0,3.0,1.0,1.0,1.0,1.0,1.0
159,"City, Historical",Male,1,0,1.0,3.0,1.0,1.0,1.0,1.0,1.0,1.0
160,"Beaches, Historical",Female,2,2,4.0,3.0,1.0,1.0,1.0,1.0,1.0,1.0
161,"Nature, Adventure",Female,1,0,3.0,1.0,3.0,1.0,1.0,1.0,1.0,1.0
162,"City, Historical",Male,1,0,1.0,3.0,1.0,1.0,1.0,1.0,1.0,1.0
163,"Beaches, Historical",Female,2,2,4.0,3.0,1.0,1.0,1.0,1.0,1.0,1.0
164,"Nature, Adventure",Male,1,2,3.0,1.0,3.0,1.0,1.0,1.0,1.0,1.0
165,"City, Historical",Male,2,0,1.0,3.0,1.0,1.0,1.0,1.0,1.0,1.0
166,"Beaches, Historical",Male,2,0,4.0,3.0,1.0,1.0,1.0,1.0,1.0,1.0
167,"Nature, Adventure",Male,1,2,3.0,1.0,3.0,1.0,1.0,1.0,1.0,1.0
168,"City, Historical",Female,1,2,1.0,3.0,1.0,1.0,1.0,1.0,1.0,1.0
169,"Beaches, Historical",Female,2,2,4.0,3.0,1.0,1.0,1.0,1.0,1.0,1.0
170,"Nature, Adventure",Female,1,0,3.0,1.0,3.0,1.0,1.0,1.0,1.0,1.0
171,"City, Historical",Male,2,1,1.0,3.0,1.0,1.0,1.0,1.0,1.0,1.0
172,"Beaches, Historical",Male,1,2,4.0,3.0,1.0,1.0,1.0,1.0,1.0,1.0
173,"Nature, Adventure",Male,2,1,3.0,1.0,3.0,1.0,1.0,1.0,1.0,1.0
174,"City, Historical",Male,1,1,1.0,3.0,1.0,1.0,1.0,1.0,1.0,1.0
175,"Beaches, Historical",Male,2,0,4.0,3.0,1.0,1.0,1.0,1.0,1.0,1.0
176,"Nature, Adventure",Male,1,0,3.0,1.0,3.0,1.0,1.0,1.0,1.0,1.0
177,"City, Historical",Male,2,1,1.0,3.0,1.0,1.0,1.0,1.0,1.0,1.0
178,"Beaches, Historical",Female,1,0,4.0,3.0,1.0,1.0,1.0,1.0,1.0,1.0
179,"Nature, Adventure",Male,1,2,3.0,1.0,3.0,1.0,1.0,1.0,1.0,1.0
180,"City, Historical",Female,1,2,1.0,3.0,1.0,1.0,1.0,1.0,1.0,1.0
181,"Beaches, Historical",Male,2,1,4.0,3.0,1.0,1.0,1.0,1.0,1.0,1.0
182,"Nature, Adventure",Male,1,1,3.0,1.0,3.0,1.0,1.0,1.0,1.0,1.0
183,"City, Historical",Male,2,2,1.0,3.0,1.0,1.0,1.0,1.0,1.0,1.0
184,"Beaches, Historical",Male,1,2,4.0,3.0,1.0,1.0,1.0,1.0,1.0,1.0
185,"Nature, Adventure",Female,2,1,3.0,1.0,3.0,1.0,1.0,1.0,1.0,1.0
186,"City, Historical",Male,1,2,1.0,3.0,1.0,1.0,1.0,1.0,1.0,1.0
187,"Beaches, Historical",Female,1,0,4.0,3.0,1.0,1.0,1.0,1.0,1.0,1.0
188,"Nature, Adventure",Female,1,0,3.0,1.0,3.0,1.0,1.0,1.0,1.0,1.0
189,"City, Historical",Female,1,1,1.0,3.0,1.0,1.0,1.0,1.0,1.0,1.0
190,"Beaches, Historical",Female,1,0,4.0,3.0,1.0,1.0,1.0,1.0,1.0,1.0
191,"Nature, Adventure",Male,2,1,3.0,1.0,3.0,1.0,1.0,1.0,1.0,1.0
192,"City, Historical",Male,1,0,1.0,3.0,1.0,1.0,1.0,1.0,1.0,1.0
193,"Beaches, Historical",Female,1,0,4.0,3.0,1.0,1.0,1.0,1.0,1.0,1.0
194,"Nature, Adventure",Female,2,1,3.0,1.0,3.0,1.0,1.0,1.0,1.0,1.0
195,"City, Historical",Male,1,2,1.0,3.0,1.0,1.0,1.0,1.0,1.0,1.0
196,"Beaches, Historical",Male,1,1,4.0,3.0,1.0,1.0,1.0,1.0,1.0,1.0
197,"Nature, Adventure",Female,1,1,3.0,1.0,3.0,1.0,1.0,1.0,1.0,1.0
198,"City, Historical",Male,2,2,1.0,3.0,1.0,1.0,1.0,1.0,1.0,1.0
199,"Beaches, Historical",Male,1,0,4.0,3.0,1.0,1.0,1.0,1.0,1.0,1.0
200,"Nature, Adventure",Male,1,1,3.0,1.0,3.0,1.0,1.0,1.0,1.0,1.0
201,"City, Historical",Male,2,1,1.0,3.0,1.0,1.0,1.0,1.0,1.0,1.0
202,"Beaches, Historical",Male,1,1,4.0,3.0,1.0,1.0,1.0,1.0,1.0,1.0
203,"Nature, Adventure",Female,2,0,3.0,1.0,3.0,1.0,1.0,1.0,1.0,1.0
204,"City, Historical",Male,1,0,1.0,3.0,1.0,1.0,1.0,1.0,1.0,1.0
205,"Beaches, Historical",Female,1,2,4.0,3.0,1.0,1.0,1.0,1.0,1.0,1.0
206,"Nature, Adventure",Female,2,1,3.0,1.0,3.0,1.0,1.0,1.0,1.0,1.0
207,"City, Historical",Male,2,2,1.0,3.0,1.0,1.0,1.0,1.0,1.0,1.0
208,"Beaches, Historical",Male,1,2,4.0,3.0,1.0,1.0,1.0,1.0,1.0,1.0
209,"Nature, Adventure",Male,1,1,3.0,1.0,3.0,1.0,1.0,1.0,1.0,1.0
210,"City, Historical",Male,1,1,1.0,3.0,1.0,1.0,1.0,1.0,1.0,1.0
211,"Beaches, Historical",Female,2,2,4.0,3.0,1.0,1.0,1.0,1.0,1.0,1.0
212,"Nature, Adventure",Female,2,0,3.0,1.0,3.0,1.0,1.0,1.0,1.0,1.0
213,"City, Historical",Male,1,2,1.0,3.0,1.0,1.0,1.0,1.0,1.0,1.0
214,"Beaches, Historical",Male,1,0,4.0,3.0,1.0,1.0,1.0,1.0,1.0,1.0
215,"Nature, Adventure",Female,1,0,3.0,1.0,3.0,1.0,1.0,1.0,1.0,1.0
216,"City, Historical",Female,1,2,1.0,3.0,1.0,1.0,1.0,1.0,1.0,1.0
217,"Beaches, Historical",Male,1,1,4.0,3.0,1.0,1.0,1.0,1.0,1.0,1.0
218,"Nature, Adventure",Female,2,2,3.0,1.0,3.0,1.0,1.0,1.0,1.0,1.0
219,"City, Historical",Female,1,2,1.0,3.0,1.0,1.0,1.0,1.0,1.0,1.0
220,"Beaches, Historical",Female,2,0,4.0,3.0,1.0,1.0,1.0,1.0,1.0,1.0
221,"Nature, Adventure",Male,1,2,3.0,1.0,3.0,1.0,1.0,1.0,1.0,1.0
222,"City, Historical",Male,1,1,1.0,3.0,1.0,1.0,1.0,1.0,1.0,1.0
223,"Beaches, Historical",Female,1,2,4.0,3.0,1.0,1.0,1.0,1.0,1.0,1.0
224,"Nature, Adventure",Male,2,2,3.0,1.0,3.0,1.0,1.0,1.0,1.0,1.0
225,"City, Historical",Female,2,0,1.0,3.0,1.0,1.0,1.0,1.0,1.0,1.0
226,"Beaches, Historical",Female,2,1,4.0,3.0,1.0,1.0,1.0,1.0,1.0,1.0
227,"Nature, Adventure",Male,1,1,3.0,1.0,3.0,1.0,1.0,1.0,1.0,1.0
228,"City, Historical",Female,1,0,1.0,3.0,1.0,1.0,1.0,1.0,1.0,1.0
229,"Beaches, Historical",Male,2,1,4.0,3.0,1.0,1.0,1.0,1.0,1.0,1.0
230,"Nature, Adventure",Female,2,1,3.0,1.0,3.0,1.0,1.0,1.0,1.0,1.0
231,"City, Historical",Female,2,2,1.0,3.0,1.0,1.0,1.0,1.0,1.0,1.0
232,"Beaches, Historical",Male,2,0,4.0,3.0,1.0,1.0,1.0,1.0,1.0,1.0
233,"Nature, Adventure",Male,1,1,3.0,1.0,3.0,1.0,1.0,1.0,1.0,1.0
234,"City, Historical",Male,1,0,1.0,3.0,1.0,1.0,1.0,1.0,1.0,1.0
235,"Beaches, Historical",Male,1,2,4.0,3.0,1.0,1.0,1.0,1.0,1.0,1.0
236,"Nature, Adventure",Male,2,1,3.0,1.0,3.0,1.0,1.0,1.0,1.0,1.0
237,"City, Historical",Female,2,0,1.0,3.0,1.0,1.0,1.0,1.0,1.0,1.0
238,"Beaches, Historical",Female,1,1,4.0,3.0,1.0,1.0,1.0,1.0,1.0,1.0
239,"Nature, Adventure",Male,2,0,3.0,1.0,3.0,1.0,1.0,1.0,1.0,1.0
240,"City, Historical",Female,1,2,1.0,3.0,1.0,1.0,1.0,1.0,1.0,1.0
241,"Beaches, Historical",Female,1,2,4.0,3.0,1.0,1.0,1.0,1.0,1.0,1.0
242,"Nature, Adventure",Female,2,1,3.0,1.0,3.0,1.0,1.0,1.0,1.0,1.0
243,"City, Historical",Female,1,1,1.0,3.0,1.0,1.0,1.0,1.0,1.0,1.0
244,"Beaches, Historical",Male,2,0,4.0,3.0,1.0,1.0,1.0,1.0,1.0,1.0
245,"Nature, Adventure",Male,2,1,3.0,1.0,3.0,1.0,1.0,1.0,1.0,1.0
246,"City, Historical",Female,2,2,1.0,3.0,1.0,1.0,1.0,1.0,1.0,1.0
247,"Beaches, Historical",Female,2,2,4.0,3.0,1.0,1.0,1.0,1.0,1.0,1.0
248,"Nature, Adventure",Female,1,2,3.0,1.0,3.0,1.0,1.0,1.0,1.0,1.0
249,"City, Historical",Male,1,1,1.0,3.0,1.0,1.0,1.0,1.0,1.0,1.0
250,"Beaches, Historical",Male,1,0,4.0,3.0,1.0,1.0,1.0,1.0,1.0,1.0
251,"Nature, Adventure",Female,2,2,3.0,1.0,3.0,1.0,1.0,1.0,1.0,1.0
252,"City, Historical",Male,2,2,1.0,3.0,1.0,1.0,1.0,1.0,1.0,1.0
253,"Beaches, Historical",Male,2,1,4.0,3.0,1.0,1.0,1.0,1.0,1.0,1.0
254,"Nature, Adventure",Female,1,1,3.0,1.0,3.0,1.0,1.0,1.0,1.0,1.0
255,"City, Historical",Female,2,1,1.0,3.0,1.0,1.0,1.0,1.0,1.0,1.0
256,"Beaches, Historical",Male,2,1,4.0,3.0,1.0,1.0,1.0,1.0,1.0,1.0
257,"Nature, Adventure",Female,2,0,3.0,1.0,3.0,1.0,1.0,1.0,1.0,1.0
258,"City, Historical",Male,2,1,1.0,3.0,1.0,1.0,1.0,1.0,1.0,1.0
259,"Beaches, Historical",Male,1,0,4.0,3.0,1.0,1.0,1.0,1.0,1.0,1.0
260,"Nature, Adventure",Female,1,0,3.0,1.0,3.0,1.0,1.0,1.0,1.0,1.0
261,"City, Historical",Male,2,2,1.0,3.0,1.0,1.0,1.0,1.0,1.0,1.0
262,"Beaches, Historical",Female,2,2,4.0,3.0,1.0,1.0,1.0,1.0,1.0,1.0
263,"Nature, Adventure",Male,1,1,3.0,1.0,3.0,1.0,1.0,1.0,1.0,1.0
264,"City, Historical",Female,1,2,1.0,3.0,1.0,1.0,1.0,1.0,1.0,1.0
265,"Beaches, Historical",Male,1,0,4.0,3.0,1.0,1.0,1.0,1.0,1.0,1.0
266,"Nature, Adventure",Male,2,1,3.0,1.0,3.0,1.0,1.0,1.0,1.0,1.0
267,"City, Historical",Female,2,1,1.0,3.0,1.0,1.0,1.0,1.0,1.0,1.0
268,"Beaches, Historical",Female,1,1,4.0,3.0,1.0,1.0,1.0,1.0,1.0,1.0
269,"Nature, Adventure",Male,2,1,3.0,1.0,3.0,1.0,1.0,1.0,1.0,1.0
270,"City, Historical",Male,2,2,1.0,3.0,1.0,1.0,1.0,1.0,1.0,1.0
271,"Beaches, Historical",Male,2,1,4.0,3.0,1.0,1.0,1.0,1.0,1.0,1.0
272,"Nature, Adventure",Male,2,0,3.0,1.0,3.0,1.0,1.0,1.0,1.0,1.0
273,"City, Historical",Male,2,1,1.0,3.0,1.0,1.0,1.0,1.0,1.0,1.0
274,"Beaches, Historical",Male,1,2,4.0,3.0,1.0,1.0,1.0,1.0,1.0,1.0
275,"Nature, Adventure",Female,1,0,3.0,1.0,3.0,1.0,1.0,1.0,1.0,1.0
276,"City, Historical",Male,1,2,1.0,3.0,1.0,1.0,1.0,1.0,1.0,1.0
277,"Beaches, Historical",Male,2,2,4.0,3.0,1.0,1.0,1.0,1.0,1.0,1.0
278,"Nature, Adventure",Male,1,2,3.0,1.0,3.0,1.0,1.0,1.0,1.0,1.0
279,"City, Historical",Male,2,2,1.0,3.0,1.0,1.0,1.0,1.0,1.0,1.0
280,"Beaches, Historical",Female,1,1,4.0,3.0,1.0,1.0,1.0,1.0,1.0,1.0
281,"Nature, Adventure",Male,2,2,3.0,1.0,3.0,1.0,1.0,1.0,1.0,1.0
282,"City, Historical",Male,2,1,1.0,3.0,1.0,1.0,1.0,1.0,1.0,1.0
283,"Beaches, Historical",Female,1,1,4.0,3.0,1.0,1.0,1.0,1.0,1.0,1.0
284,"Nature, Adventure",Female,1,2,3.0,1.0,3.0,1.0,1.0,1.0,1.0,1.0
285,"City, Historical",Female,1,0,1.0,3.0,1.0,1.0,1.0,1.0,1.0,1.0
286,"Beaches, Historical",Male,2,2,4.0,3.0,1.0,1.0,1.0,1.0,1.0,1.0
287,"Nature, Adventure",Female,1,2,3.0,1.0,3.0,1.0,1.0,1.0,1.0,1.0
288,"City, Historical",Female,1,1,1.0,3.0,1.0,1.0,1.0,1.0,1.0,1.0
289,"Beaches, Historical",Male,2,1,4.0,3.0,1.0,1.0,1.0,1.0,1.0,1.0
290,"Nature, Adventure",Female,2,1,3.0,1.0,3.0,1.0,1.0,1.0,1.0,1.0
291,"City, Historical",Male,2,1,1.0,3.0,1.0,1.0,1.0,1.0,1.0,1.0
292,"Beaches, Historical",Male,2,2,4.0,3.0,1.0,1.0,1.0,1.0,1.0,1.0
293,"Nature, Adventure",Female,1,0,3.0,1.0,3.0,1.0,1.0,1.0,1.0,1.0
294,"City, Historical",Male,2,0,1.0,3.0,1.0,1.0,1.0,1.0,1.0,1.0
295,"Beaches, Historical",Male,1,0,4.0,3.0,1.0,1.0,1.0,1.0,1.0,1.0
296,"Nature, Adventure",Male,1,0,3.0,1.0,3.0,1.0,1.0,1.0,1.0,1.0
297,"City, Historical",Male,1,1,1.0,3.0,1.0,1.0,1.0,1.0,1.0,1.0
298,"Beaches, Historical",Female,1,2,4.0,3.0,1.0,1.0,1.0,1.0,1.0,1.0
299,"Nature, Adventure",Female,2,1,3.0,1.0,3.0,1.0,1.0,1.0,1.0,1.0
300,"City, Historical",Female,2,1,1.0,3.0,1.0,1.0,1.0,1.0,1.0,1.0
301,"Beaches, Historical",Female,2,2,4.0,3.0,1.0,1.0,1.0,1.0,1.0,1.0
302,"Nature, Adventure",Male,1,2,3.0,1.0,3.0,1.0,1.0,1.0,1.0,1.0
303,"City, Historical",Female,2,2,1.0,3.0,1.0,1.0,1.0,1.0,1.0,1.0
304,"Beaches, Historical",Male,1,1,4.0,3.0,1.0,1.0,1.0,1.0,1.0,1.0
305,"Nature, Adventure",Female,1,0,3.0,1.0,3.0,1.0,1.0,1.0,1.0,1.0
306,"City, Historical",Female,2,1,1.0,3.0,1.0,1.0,1.0,1.0,1.0,1.0
307,"Beaches, Historical",Female,2,1,4.0,3.0,1.0,1.0,1.0,1.0,1.0,1.0
308,"Nature, Adventure",Female,2,2,3.0,1.0,3.0,1.0,1.0,1.0,1.0,1.0
309,"City, Historical",Female,2,1,1.0,3.0,1.0,1.0,1.0,1.0,1.0,1.0
310,"Beaches, Historical",Male,2,0,4.0,3.0,1.0,1.0,1.0,1.0,1.0,1.0
311,"Nature, Adventure",Female,2,0,3.0,1.0,3.0,1.0,1.0,1.0,1.0,1.0
312,"City, Historical",Male,1,1,1.0,3.0,1.0,1.0,1.0,1.0,1.0,1.0
313,"Beaches, Historical",Female,1,2,4.0,3.0,1.0,1.0,1.0,1.0,1.0,1.0
314,"Nature, Adventure",Female,2,1,3.0,1.0,3.0,1.0,1.0,1.0,1.0,1.0
315,"City, Historical",Male,2,0,1.0,3.0,1.0,1.0,1.0,1.0,1.0,1.0
316,"Beaches, Historical",Female,2,0,4.0,3.0,1.0,1.0,1.0,1.0,1.0,1.0
317,"Nature, Adventure",Male,2,1,3.0,1.0,3.0,1.0,1.0,1.0,1.0,1.0
318,"City, Historical",Female,2,0,1.0,3.0,1.0,1.0,1.0,1.0,1.0,1.0
319,"Beaches, Historical",Female,2,1,4.0,3.0,1.0,1.0,1.0,1.0,1.0,1.0
320,"Nature, Adventure",Female,2,0,3.0,1.0,3.0,1.0,1.0,1.0,1.0,1.0
321,"City, Historical",Female,2,2,1.0,3.0,1.0,1.0,1.0,1.0,1.0,1.0
322,"Beaches, Historical",Female,2,0,4.0,3.0,1.0,1.0,1.0,1.0,1.0,1.0
323,"Nature, Adventure",Male,2,1,3.0,1.0,3.0,1.0,1.0,1.0,1.0,1.0
324,"City, Historical",Male,1,1,1.0,3.0,1.0,1.0,1.0,1.0,1.0,1.0
325,"Beaches, Historical",Male,1,2,4.0,3.0,1.0,1.0,1.0,1.0,1.0,1.0
326,"Nature, Adventure",Female,1,0,3.0,1.0,3.0,1.0,1.0,1.0,1.0,1.0
327,"City, Historical",Female,1,1,1.0,3.0,1.0,1.0,1.0,1.0,1.0,1.0
328,"Beaches, Historical",Female,2,0,4.0,3.0,1.0,1.0,1.0,1.0,1.0,1.0
329,"Nature, Adventure",Male,2,2,3.0,1.0,3.0,1.0,1.0,1.0,1.0,1.0
330,"City, Historical",Female,2,1,1.0,3.0,1.0,1.0,1.0,1.0,1.0,1.0
331,"Beaches, Historical",Male,1,2,4.0,3.0,1.0,1.0,1.0,1.0,1.0,1.0
332,"Nature, Adventure",Female,2,1,3.0,1.0,3.0,1.0,1.0,1.0,1.0,1.0
333,"City, Historical",Female,2,0,1.0,3.0,1.0,1.0,1.0,1.0,1.0,1.0
334,"Beaches, Historical",Male,2,1,4.0,3.0,1.0,1.0,1.0,1.0,1.0,1.0
335,"Nature, Adventure",Female,2,2,3.0,1.0,3.0,1.0,1.0,1.0,1.0,1.0
336,"City, Historical",Male,2,1,1.0,3.0,1.0,1.0,1.0,1.0,1.0,1.0
337,"Beaches, Historical",Male,2,2,4.0,3.0,1.0,1.0,1.0,1.0,1.0,1.0
338,"Nature, Adventure",Male,2,1,3.0,1.0,3.0,1.0,1.0,1.0,1.0,1.0
339,"City, Historical",Female,1,2,1.0,3.0,1.0,1.0,1.0,1.0,1.0,1.0
340,"Beaches, Historical",Female,1,0,4.0,3.0,1.0,1.0,1.0,1.0,1.0,1.0
341,"Nature, Adventure",Male,1,1,3.0,1.0,3.0,1.0,1.0,1.0,1.0,1.0
342,"City, Historical",Male,1,0,1.0,3.0,1.0,1.0,1.0,1.0,1.0,1.0
343,"Beaches, Historical",Female,2,1,4.0,3.0,1.0,1.0,1.0,1.0,1.0,1.0
344,"Nature, Adventure",Male,2,1,3.0,1.0,3.0,1.0,1.0,1.0,1.0,1.0
345,"City, Historical",Male,1,0,1.0,3.0,1.0,1.0,1.0,1.0,1.0,1.0
346,"Beaches, Historical",Male,2,2,4.0,3.0,1.0,1.0,1.0,1.0,1.0,1.0
347,"Nature, Adventure",Female,1,0,3.0,1.0,3.0,1.0,1.0,1.0,1.0,1.0
348,"City, Historical",Female,1,0,1.0,3.0,1.0,1.0,1.0,1.0,1.0,1.0
349,"Beaches, Historical",Female,2,1,4.0,3.0,1.0,1.0,1.0,1.0,1.0,1.0
350,"Nature, Adventure",Male,1,2,3.0,1.0,3.0,1.0,1.0,1.0,1.0,1.0
351,"City, Historical",Male,2,2,1.0,3.0,1.0,1.0,1.0,1.0,1.0,1.0
352,"Beaches, Historical",Female,1,0,4.0,3.0,1.0,1.0,1.0,1.0,1.0,1.0
353,"Nature, Adventure",Female,2,0,3.0,1.0,3.0,1.0,1.0,1.0,1.0,1.0
354,"City, Historical",Female,1,2,1.0,3.0,1.0,1.0,1.0,1.0,1.0,1.0
355,"Beaches, Historical",Female,1,0,4.0,3.0,1.0,1.0,1.0,1.0,1.0,1.0
356,"Nature, Adventure",Male,1,1,3.0,1.0,3.0,1.0,1.0,1.0,1.0,1.0
357,"City, Historical",Female,1,1,1.0,3.0,1.0,1.0,1.0,1.0,1.0,1.0
358,"Beaches, Historical",Female,2,0,4.0,3.0,1.0,1.0,1.0,1.0,1.0,1.0
359,"Nature, Adventure",Male,2,1,3.0,1.0,3.0,1.0,1.0,1.0,1.0,1.0
360,"City, Historical",Female,2,2,1.0,3.0,1.0,1.0,1.0,1.0,1.0,1.0
361,"Beaches, Historical",Female,1,0,4.0,3.0,1.0,1.0,1.0,1.0,1.0,1.0
362,"Nature, Adventure",Male,2,1,3.0,1.0,3.0,1.0,1.0,1.0,1.0,1.0
363,"City, Historical",Female,1,0,1.0,3.0,1.0,1.0,1.0,1.0,1.0,1.0
364,"Beaches, Historical",Female,2,2,4.0,3.0,1.0,1.0,1.0,1.0,1.0,1.0
365,"Nature, Adventure",Male,1,1,3.0,1.0,3.0,1.0,1.0,1.0,1.0,1.0
366,"City, Historical",Female,1,2,1.0,3.0,1.0,1.0,1.0,1.0,1.0,1.0
367,"Beaches, Historical",Female,1,0,4.0,3.0,1.0,1.0,1.0,1.0,1.0,1.0
368,"Nature, Adventure",Male,1,0,3.0,1.0,3.0,1.0,1.0,1.0,1.0,1.0
369,"City, Historical",Male,2,1,1.0,3.0,1.0,1.0,1.0,1.0,1.0,1.0
370,"Beaches, Historical",Female,2,2,4.0,3.0,1.0,1.0,1.0,1.0,1.0,1.0
371,"Nature, Adventure",Male,2,0,3.0,1.0,3.0,1.0,1.0,1.0,1.0,1.0
372,"City, Historical",Female,1,2,1.0,3.0,1.0,1.0,1.0,1.0,1.0,1.0
373,"Beaches, Historical",Male,2,2,4.0,3.0,1.0,1.0,1.0,1.0,1.0,1.0
374,"Nature, Adventure",Female,1,1,3.0,1.0,3.0,1.0,1.0,1.0,1.0,1.0
375,"City, Historical",Female,1,2,1.0,3.0,1.0,1.0,1.0,1.0,1.0,1.0
376,"Beaches, Historical",Female,2,0,4.0,3.0,1.0,1.0,1.0,1.0,1.0,1.0
377,"Nature, Adventure",Female,2,0,3.0,1.0,3.0,1.0,1.0,1.0,1.0,1.0
378,"City, Historical",Female,2,1,1.0,3.0,1.0,1.0,1.0,1.0,1.0,1.0
379,"Beaches, Historical",Female,1,2,4.0,3.0,1.0,1.0,1.0,1.0,1.0,1.0
380,"Nature, Adventure",Male,2,0,3.0,1.0,3.0,1.0,1.0,1.0,1.0,1.0
381,"City, Historical",Female,2,0,1.0,3.0,1.0,1.0,1.0,1.0,1.0,1.0
382,"Beaches, Historical",Female,1,1,4.0,3.0,1.0,1.0,1.0,1.0,1.0,1.0
383,"Nature, Adventure",Female,2,2,3.0,1.0,3.0,1.0,1.0,1.0,1.0,1.0
384,"City, Historical",Male,1,2,1.0,3.0,1.0,1.0,1.0,1.0,1.0,1.0
385,"Beaches, Historical",Female,2,2,4.0,3.0,1.0,1.0,1.0,1.0,1.0,1.0
386,"Nature, Adventure",Male,2,0,3.0,1.0,3.0,1.0,1.0,1.0,1.0,1.0
387,"City, Historical",Male,1,0,1.0,3.0,1.0,1.0,1.0,1.0,1.0,1.0
388,"Beaches, Historical",Male,1,1,4.0,3.0,1.0,1.0,1.0,1.0,1.0,1.0
389,"Nature, Adventure",Female,2,0,3.0,1.0,3.0,1.0,1.0,1.0,1.0,1.0
390,"City, Historical",Male,2,1,1.0,3.0,1.0,1.0,1.0,1.0,1.0,1.0
391,"Beaches, Historical",Female,1,1,4.0,3.0,1.0,1.0,1.0,1.0,1.0,1.0
392,"Nature, Adventure",Male,2,2,3.0,1.0,3.0,1.0,1.0,1.0,1.0,1.0
393,"City, Historical",Female,2,1,1.0,3.0,1.0,1.0,1.0,1.0,1.0,1.0
394,"Beaches, Historical",Female,2,2,4.0,3.0,1.0,1.0,1.0,1.0,1.0,1.0
395,"Nature, Adventure",Male,2,2,3.0,1.0,3.0,1.0,1.0,1.0,1.0,1.0
396,"City, Historical",Female,2,0,1.0,3.0,1.0,1.0,1.0,1.0,1.0,1.0
397,"Beaches, Historical",Female,2,0,4.0,3.0,1.0,1.0,1.0,1.0,1.0,1.0
398,"Nature, Adventure",Female,1,1,3.0,1.0,3.0,1.0,1.0,1.0,1.0,1.0
399,"City, Historical",Male,1,1,1.0,3.0,1.0,1.0,1.0,1.0,1.0,1.0
400,"Beaches, Historical",Female,2,1,4.0,3.0,1.0,1.0,1.0,1.0,1.0,1.0
401,"Nature, Adventure",Male,1,1,3.0,1.0,3.0,1.0,1.0,1.0,1.0,1.0
402,"City, Historical",Male,2,0,1.0,3.0,1.0,1.0,1.0,1.0,1.0,1.0
403,"Beaches, Historical",Male,1,1,4.0,3.0,1.0,1.0,1.0,1.0,1.0,1.0
404,"Nature, Adventure",Male,1,2,3.0,1.0,3.0,1.0,1.0,1.0,1.0,1.0
405,"City, Historical",Male,2,0,1.0,3.0,1.0,1.0,1.0,1.0,1.0,1.0
406,"Beaches, Historical",Male,2,2,4.0,3.0,1.0,1.0,1.0,1.0,1.0,1.0
407,"Nature, Adventure",Female,2,1,3.0,1.0,3.0,1.0,1.0,1.0,1.0,1.0
408,"City, Historical",Male,2,0,1.0,3.0,1.0,1.0,1.0,1.0,1.0,1.0
409,"Beaches, Historical",Male,2,2,4.0,3.0,1.0,1.0,1.0,1.0,1.0,1.0
410,"Nature, Adventure",Male,1,0,3.0,1.0,3.0,1.0,1.0,1.0,1.0,1.0
411,"City, Historical",Male,2,2,1.0,3.0,1.0,1.0,1.0,1.0,1.0,1.0
412,"Beaches, Historical",Female,2,0,4.0,3.0,1.0,1.0,1.0,1.0,1.0,1.0
413,"Nature, Adventure",Female,2,2,3.0,1.0,3.0,1.0,1.0,1.0,1.0,1.0
414,"City, Historical",Female,1,2,1.0,3.0,1.0,1.0,1.0,1.0,1.0,1.0
415,"Beaches, Historical",Male,1,2,4.0,3.0,1.0,1.0,1.0,1.0,1.0,1.0
416,"Nature, Adventure",Female,2,0,3.0,1.0,3.0,1.0,1.0,1.0,1.0,1.0
417,"City, Historical",Male,2,2,1.0,3.0,1.0,1.0,1.0,1.0,1.0,1.0
418,"Beaches, Historical",Female,1,2,4.0,3.0,1.0,1.0,1.0,1.0,1.0,1.0
419,"Nature, Adventure",Male,2,1,3.0,1.0,3.0,1.0,1.0,1.0,1.0,1.0
420,"City, Historical",Female,2,2,1.0,3.0,1.0,1.0,1.0,1.0,1.0,1.0
421,"Beaches, Historical",Female,2,1,4.0,3.0,1.0,1.0,1.0,1.0,1.0,1.0
422,"Nature, Adventure",Female,1,0,3.0,1.0,3.0,1.0,1.0,1.0,1.0,1.0
423,"City, Historical",Male,1,2,1.0,3.0,1.0,1.0,1.0,1.0,1.0,1.0
424,"Beaches, Historical",Female,1,0,4.0,3.0,1.0,1.0,1.0,1.0,1.0,1.0
425,"Nature, Adventure",Male,2,1,3.0,1.0,3.0,1.0,1.0,1.0,1.0,1.0
426,"City, Historical",Female,1,1,1.0,3.0,1.0,1.0,1.0,1.0,1.0,1.0
427,"Beaches, Historical",Female,1,0,4.0,3.0,1.0,1.0,1.0,1.0,1.0,1.0
428,"Nature, Adventure",Female,1,2,3.0,1.0,3.0,1.0,1.0,1.0,1.0,1.0
429,"City, Historical",Female,1,0,1.0,3.0,1.0,1.0,1.0,1.0,1.0,1.0
430,"Beaches, Historical",Male,1,1,4.0,3.0,1.0,1.0,1.0,1.0,1.0,1.0
431,"Nature, Adventure",Male,1,1,3.0,1.0,3.0,1.0,1.0,1.0,1.0,1.0
432,"City, Historical",Male,2,2,1.0,3.0,1.0,1.0,1.0,1.0,1.0,1.0
433,"Beaches, Historical",Female,2,1,4.0,3.0,1.0,1.0,1.0,1.0,1.0,1.0
434,"Nature, Adventure",Female,2,2,3.0,1.0,3.0,1.0,1.0,1.0,1.0,1.0
435,"City, Historical",Male,1,2,1.0,3.0,1.0,1.0,1.0,1.0,1.0,1.0
436,"Beaches, Historical",Female,1,2,4.0,3.0,1.0,1.0,1.0,1.0,1.0,1.0
437,"Nature, Adventure",Male,2,1,3.0,1.0,3.0,1.0,1.0,1.0,1.0,1.0
438,"City, Historical",Female,2,0,1.0,3.0,1.0,1.0,1.0,1.0,1.0,1.0
439,"Beaches, Historical",Male,2,0,4.0,3.0,1.0,1.0,1.0,1.0,1.0,1.0
440,"Nature, Adventure",Female,1,1,3.0,1.0,3.0,1.0,1.0,1.0,1.0,1.0
441,"City, Historical",Female,2,0,1.0,3.0,1.0,1.0,1.0,1.0,1.0,1.0
442,"Beaches, Historical",Female,1,0,4.0,3.0,1.0,1.0,1.0,1.0,1.0,1.0
443,"Nature, Adventure",Male,2,1,3.0,1.0,3.0,1.0,1.0,1.0,1.0,1.0
444,"City, Historical",Female,1,0,1.0,3.0,1.0,1.0,1.0,1.0,1.0,1.0
445,"Beaches, Historical",Female,2,1,4.0,3.0,1.0,1.0,1.0,1.0,1.0,1.0
446,"Nature, Adventure",Female,2,2,3.0,1.0,3.0,1.0,1.0,1.0,1.0,1.0
447,"City, Historical",Male,2,2,1.0,3.0,1.0,1.0,1.0,1.0,1.0,1.0
448,"Beaches, Historical",Male,1,0,4.0,3.0,1.0,1.0,1.0,1.0,1.0,1.0
449,"Nature, Adventure",Male,2,1,3.0,1.0,3.0,1.0,1.0,1.0,1.0,1.0
450,"City, Historical",Female,1,2,1.0,3.0,1.0,1.0,1.0,1.0,1.0,1.0
451,"Beaches, Historical",Male,1,1,4.0,3.0,1.0,1.0,1.0,1.0,1.0,1.0
452,"Nature, Adventure",Male,2,1,3.0,1.0,3.0,1.0,1.0,1.0,1.0,1.0
453,"City, Historical",Female,1,1,1.0,3.0,1.0,1.0,1.0,1.0,1.0,1.0
454,"Beaches, Historical",Male,2,0,4.0,3.0,1.0,1.0,1.0,1.0,1.0,1.0
455,"Nature, Adventure",Female,1,2,3.0,1.0,3.0,1.0,1.0,1.0,1.0,1.0
456,"City, Historical",Female,1,0,1.0,3.0,1.0,1.0,1.0,1.0,1.0,1.0
457,"Beaches, Historical",Female,2,1,4.0,3.0,1.0,1.0,1.0,1.0,1.0,1.0
458,"Nature, Adventure",Male,1,2,3.0,1.0,3.0,1.0,1.0,1.0,1.0,1.0
459,"City, Historical",Female,1,0,1.0,3.0,1.0,1.0,1.0,1.0,1.0,1.0
460,"Beaches, Historical",Male,1,2,4.0,3.0,1.0,1.0,1.0,1.0,1.0,1.0
461,"Nature, Adventure",Female,1,0,3.0,1.0,3.0,1.0,1.0,1.0,1.0,1.0
462,"City, Historical",Male,1,1,1.0,3.0,1.0,1.0,1.0,1.0,1.0,1.0
463,"Beaches, Historical",Male,1,2,4.0,3.0,1.0,1.0,1.0,1.0,1.0,1.0
464,"Nature, Adventure",Female,1,1,3.0,1.0,3.0,1.0,1.0,1.0,1.0,1.0
465,"City, Historical",Male,1,1,1.0,3.0,1.0,1.0,1.0,1.0,1.0,1.0
466,"Beaches, Historical",Female,1,2,4.0,3.0,1.0,1.0,1.0,1.0,1.0,1.0
467,"Nature, Adventure",Male,2,2,3.0,1.0,3.0,1.0,1.0,1.0,1.0,1.0
468,"City, Historical",Male,1,0,1.0,3.0,1.0,1.0,1.0,1.0,1.0,1.0
469,"Beaches, Historical",Male,2,0,4.0,3.0,1.0,1.0,1.0,1.0,1.0,1.0
470,"Nature, Adventure",Male,2,1,3.0,1.0,3.0,1.0,1.0,1.0,1.0,1.0
471,"City, Historical",Male,1,0,1.0,3.0,1.0,1.0,1.0,1.0,1.0,1.0
472,"Beaches, Historical",Female,2,2,4.0,3.0,1.0,1.0,1.0,1.0,1.0,1.0
473,"Nature, Adventure",Male,2,2,3.0,1.0,3.0,1.0,1.0,1.0,1.0,1.0
474,"City, Historical",Male,2,2,1.0,3.0,1.0,1.0,1.0,1.0,1.0,1.0
475,"Beaches, Historical",Male,1,1,4.0,3.0,1.0,1.0,1.0,1.0,1.0,1.0
476,"Nature, Adventure",Female,1,0,3.0,1.0,3.0,1.0,1.0,1.0,1.0,1.0
477,"City, Historical",Female,2,0,1.0,3.0,1.0,1.0,1.0,1.0,1.0,1.0
478,"Beaches, Historical",Male,2,0,4.0,3.0,1.0,1.0,1.0,1.0,1.0,1.0
479,"Nature, Adventure",Male,2,0,3.0,1.0,3.0,1.0,1.0,1.0,1.0,1.0
480,"City, Historical",Female,2,0,1.0,3.0,1.0,1.0,1.0,1.0,1.0,1.0
481,"Beaches, Historical",Female,1,0,4.0,3.0,1.0,1.0,1.0,1.0,1.0,1.0
482,"Nature, Adventure",Female,2,0,3.0,1.0,3.0,1.0,1.0,1.0,1.0,1.0
483,"City, Historical",Female,1,1,1.0,3.0,1.0,1.0,1.0,1.0,1.0,1.0
484,"Beaches, Historical",Female,2,0,4.0,3.0,1.0,1.0,1.0,1.0,1.0,1.0
485,"Nature, Adventure",Female,1,0,3.0,1.0,3.0,1.0,1.0,1.0,1.0,1.0
486,"City, Historical",Male,1,0,1.0,3.0,1.0,1.0,1.0,1.0,1.0,1.0
487,"Beaches, Historical",Female,1,1,4.0,3.0,1.0,1.0,1.0,1.0,1.0,1.0
488,"Nature, Adventure",Female,1,0,3.0,1.0,3.0,1.0,1.0,1.0,1.0,1.0
489,"City, Historical",Male,2,1,1.0,3.0,1.0,1.0,1.0,1.0,1.0,1.0
490,"Beaches, Historical",Female,2,1,4.0,3.0,1.0,1.0,1.0,1.0,1.0,1.0
491,"Nature, Adventure",Female,2,1,3.0,1.0,3.0,1.0,1.0,1.0,1.0,1.0
492,"City, Historical",Female,2,2,1.0,3.0,1.0,1.0,1.0,1.0,1.0,1.0
493,"Beaches, Historical",Male,2,0,4.0,3.0,1.0,1.0,1.0,1.0,1.0,1.0
494,"Nature, Adventure",Female,1,2,3.0,1.0,3.0,1.0,1.0,1.0,1.0,1.0
495,"City, Historical",Female,2,0,1.0,3.0,1.0,1.0,1.0,1.0,1.0,1.0
496,"Beaches, Historical",Male,1,1,4.0,3.0,1.0,1.0,1.0,1.0,1.0,1.0
497,"Nature, Adventure",Male,2,1,3.0,1.0,3.0,1.0,1.0,1.0,1.0,1.0
498,"City, Historical",Male,1,0,1.0,3.0,1.0,1.0,1.0,1.0,1.0,1.0
499,"Beaches, Historical",Male,2,0,4.0,3.0,1.0,1.0,1.0,1.0,1.0,1.0
500,"Nature, Adventure",Female,1,1,3.0,1.0,3.0,1.0,1.0,1.0,1.0,1.0
501,"City, Historical",Male,2,0,1.0,3.0,1.0,1.0,1.0,1.0,1.0,1.0
502,"Beaches, Historical",Female,2,0,4.0,3.0,1.0,1.0,1.0,1.0,1.0,1.0
503,"Nature, Adventure",Male,1,2,3.0,1.0,3.0,1.0,1.0,1.0,1.0,1.0
504,"City, Historical",Female,1,1,1.0,3.0,1.0,1.0,1.0,1.0,1.0,1.0
505,"Beaches, Historical",Female,1,2,4.0,3.0,1.0,1.0,1.0,1.0,1.0,1.0
506,"Nature, Adventure",Female,2,1,3.0,1.0,3.0,1.0,1.0,1.0,1.0,1.0
507,"City, Historical",Female,2,2,1.0,3.0,1.0,1.0,1.0,1.0,1.0,1.0
508,"Beaches, Historical",Female,2,0,4.0,3.0,1.0,1.0,1.0,1.0,1.0,1.0
509,"Nature, Adventure",Male,1,0,3.0,1.0,3.0,1.0,1.0,1.0,1.0,1.0
510,"City, Historical",Female,1,1,1.0,3.0,1.0,1.0,1.0,1.0,1.0,1.0
511,"Beaches, Historical",Male,2,1,4.0,3.0,1.0,1.0,1.0,1.0,1.0,1.0
512,"Nature, Adventure",Male,1,1,3.0,1.0,3.0,1.0,1.0,1.0,1.0,1.0
513,"City, Historical",Male,1,2,1.0,3.0,1.0,1.0,1.0,1.0,1.0,1.0
514,"Beaches, Historical",Female,2,1,4.0,3.0,1.0,1.0,1.0,1.0,1.0,1.0
515,"Nature, Adventure",Male,1,0,3.0,1.0,3.0,1.0,1.0,1.0,1.0,1.0
516,"City, Historical",Male,1,1,1.0,3.0,1.0,1.0,1.0,1.0,1.0,1.0
517,"Beaches, Historical",Male,1,0,4.0,3.0,1.0,1.0,1.0,1.0,1.0,1.0
518,"Nature, Adventure",Female,2,2,3.0,1.0,3.0,1.0,1.0,1.0,1.0,1.0
519,"City, Historical",Male,1,0,1.0,3.0,1.0,1.0,1.0,1.0,1.0,1.0
520,"Beaches, Historical",Female,2,0,4.0,3.0,1.0,1.0,1.0,1.0,1.0,1.0
521,"Nature, Adventure",Male,1,2,3.0,1.0,3.0,1.0,1.0,1.0,1.0,1.0
522,"City, Historical",Female,2,0,1.0,3.0,1.0,1.0,1.0,1.0,1.0,1.0
523,"Beaches, Historical",Male,1,2,4.0,3.0,1.0,1.0,1.0,1.0,1.0,1.0
524,"Nature, Adventure",Female,2,2,3.0,1.0,3.0,1.0,1.0,1.0,1.0,1.0
525,"City, Historical",Female,2,2,1.0,3.0,1.0,1.0,1.0,1.0,1.0,1.0
526,"Beaches, Historical",Male,1,0,4.0,3.0,1.0,1.0,1.0,1.0,1.0,1.0
527,"Nature, Adventure",Male,1,2,3.0,1.0,3.0,1.0,1.0,1.0,1.0,1.0
528,"City, Historical",Female,2,1,1.0,3.0,1.0,1.0,1.0,1.0,1.0,1.0
529,"Beaches, Historical",Female,1,0,4.0,3.0,1.0,1.0,1.0,1.0,1.0,1.0
530,"Nature, Adventure",Female,2,0,3.0,1.0,3.0,1.0,1.0,1.0,1.0,1.0
531,"City, Historical",Female,1,1,1.0,3.0,1.0,1.0,1.0,1.0,1.0,1.0
532,"Beaches, Historical",Female,2,1,4.0,3.0,1.0,1.0,1.0,1.0,1.0,1.0
533,"Nature, Adventure",Female,1,1,3.0,1.0,3.0,1.0,1.0,1.0,1.0,1.0
534,"City, Historical",Female,1,1,1.0,3.0,1.0,1.0,1.0,1.0,1.0,1.0
535,"Beaches, Historical",Female,1,2,4.0,3.0,1.0,1.0,1.0,1.0,1.0,1.0
536,"Nature, Adventure",Female,1,0,3.0,1.0,3.0,1.0,1.0,1.0,1.0,1.0
537,"City, Historical",Male,2,0,1.0,3.0,1.0,1.0,1.0,1.0,1.0,1.0
538,"Beaches, Historical",Female,2,1,4.0,3.0,1.0,1.0,1.0,1.0,1.0,1.0
539,"Nature, Adventure",Male,1,2,3.0,1.0,3.0,1.0,1.0,1.0,1.0,1.0
540,"City, Historical",Female,2,2,1.0,3.0,1.0,1.0,1.0,1.0,1.0,1.0
541,"Beaches, Historical",Female,1,1,4.0,3.0,1.0,1.0,1.0,1.0,1.0,1.0
542,"Nature, Adventure",Female,2,1,3.0,1.0,3.0,1.0,1.0,1.0,1.0,1.0
543,"City, Historical",Female,2,1,1.0,3.0,1.0,1.0,1.0,1.0,1.0,1.0
544,"Beaches, Historical",Female,1,1,4.0,3.0,1.0,1.0,1.0,1.0,1.0,1.0
545,"Nature, Adventure",Male,2,2,3.0,1.0,3.0,1.0,1.0,1.0,1.0,1.0
546,"City, Historical",Female,1,0,1.0,3.0,1.0,1.0,1.0,1.0,1.0,1.0
547,"Beaches, Historical",Female,1,2,4.0,3.0,1.0,1.0,1.0,1.0,1.0,1.0
548,"Nature, Adventure",Male,1,0,3.0,1.0,3.0,1.0,1.0,1.0,1.0,1.0
549,"City, Historical",Male,1,0,1.0,3.0,1.0,1.0,1.0,1.0,1.0,1.0
550,"Beaches, Historical",Male,1,0,4.0,3.0,1.0,1.0,1.0,1.0,1.0,1.0
551,"Nature, Adventure",Male,2,2,3.0,1.0,3.0,1.0,1.0,1.0,1.0,1.0
552,"City, Historical",Female,2,1,1.0,3.0,1.0,1.0,1.0,1.0,1.0,1.0
553,"Beaches, Historical",Female,1,1,4.0,3.0,1.0,1.0,1.0,1.0,1.0,1.0
554,"Nature, Adventure",Female,1,2,3.0,1.0,3.0,1.0,1.0,1.0,1.0,1.0
555,"City, Historical",Female,1,2,1.0,3.0,1.0,1.0,1.0,1.0,1.0,1.0
556,"Beaches, Historical",Male,1,0,4.0,3.0,1.0,1.0,1.0,1.0,1.0,1.0
557,"Nature, Adventure",Male,2,2,3.0,1.0,3.0,1.0,1.0,1.0,1.0,1.0
558,"City, Historical",Male,2,0,1.0,3.0,1.0,1.0,1.0,1.0,1.0,1.0
559,"Beaches, Historical",Male,1,2,4.0,3.0,1.0,1.0,1.0,1.0,1.0,1.0
560,"Nature, Adventure",Female,1,1,3.0,1.0,3.0,1.0,1.0,1.0,1.0,1.0
561,"City, Historical",Male,2,1,1.0,3.0,1.0,1.0,1.0,1.0,1.0,1.0
562,"Beaches, Historical",Female,1,1,4.0,3.0,1.0,1.0,1.0,1.0,1.0,1.0
563,"Nature, Adventure",Male,2,2,3.0,1.0,3.0,1.0,1.0,1.0,1.0,1.0
564,"City, Historical",Male,2,0,1.0,3.0,1.0,1.0,1.0,1.0,1.0,1.0
565,"Beaches, Historical",Male,2,1,4.0,3.0,1.0,1.0,1.0,1.0,1.0,1.0
566,"Nature, Adventure",Male,2,0,3.0,1.0,3.0,1.0,1.0,1.0,1.0,1.0
567,"City, Historical",Female,2,1,1.0,3.0,1.0,1.0,1.0,1.0,1.0,1.0
568,"Beaches, Historical",Female,2,0,4.0,3.0,1.0,1.0,1.0,1.0,1.0,1.0
569,"Nature, Adventure",Female,2,2,3.0,1.0,3.0,1.0,1.0,1.0,1.0,1.0
570,"City, Historical",Female,2,2,1.0,3.0,1.0,1.0,1.0,1.0,1.0,1.0
571,"Beaches, Historical",Female,2,0,4.0,3.0,1.0,1.0,1.0,1.0,1.0,1.0
572,"Nature, Adventure",Female,2,2,3.0,1.0,3.0,1.0,1.0,1.0,1.0,1.0
573,"City, Historical",Male,2,0,1.0,3.0,1.0,1.0,1.0,1.0,1.0,1.0
574,"Beaches, Historical",Male,1,2,4.0,3.0,1.0,1.0,1.0,1.0,1.0,1.0
575,"Nature, Adventure",Male,1,2,3.0,1.0,3.0,1.0,1.0,1.0,1.0,1.0
576,"City, Historical",Female,2,0,1.0,3.0,1.0,1.0,1.0,1.0,1.0,1.0
577,"Beaches, Historical",Female,2,1,4.0,3.0,1.0,1.0,1.0,1.0,1.0,1.0
578,"Nature, Adventure",Female,2,1,3.0,1.0,3.0,1.0,1.0,1.0,1.0,1.0
579,"City, Historical",Male,2,1,1.0,3.0,1.0,1.0,1.0,1.0,1.0,1.0
580,"Beaches, Historical",Female,1,0,4.0,3.0,1.0,1.0,1.0,1.0,1.0,1.0
581,"Nature, Adventure",Male,1,1,3.0,1.0,3.0,1.0,1.0,1.0,1.0,1.0
582,"City, Historical",Female,2,2,1.0,3.0,1.0,1.0,1.0,1.0,1.0,1.0
583,"Beaches, Historical",Male,1,1,4.0,3.0,1.0,1.0,1.0,1.0,1.0,1.0
584,"Nature, Adventure",Male,1,2,3.0,1.0,3.0,1.0,1.0,1.0,1.0,1.0
585,"City, Historical",Male,2,1,1.0,3.0,1.0,1.0,1.0,1.0,1.0,1.0
586,"Beaches, Historical",Male,1,1,4.0,3.0,1.0,1.0,1.0,1.0,1.0,1.0
587,"Nature, Adventure",Female,2,0,3.0,1.0,3.0,1.0,1.0,1.0,1.0,1.0
588,"City, Historical",Female,1,2,1.0,3.0,1.0,1.0,1.0,1.0,1.0,1.0
589,"Beaches, Historical",Male,2,2,4.0,3.0,1.0,1.0,1.0,1.0,1.0,1.0
590,"Nature, Adventure",Male,1,2,3.0,1.0,3.0,1.0,1.0,1.0,1.0,1.0
591,"City, Historical",Male,1,1,1.0,3.0,1.0,1.0,1.0,1.0,1.0,1.0
592,"Beaches, Historical",Female,2,1,4.0,3.0,1.0,1.0,1.0,1.0,1.0,1.0
593,"Nature, Adventure",Female,1,0,3.0,1.0,3.0,1.0,1.0,1.0,1.0,1.0
594,"City, Historical",Female,1,0,1.0,3.0,1.0,1.0,1.0,1.0,1.0,1.0
595,"Beaches, Historical",Female,1,0,4.0,3.0,1.0,1.0,1.0,1.0,1.0,1.0
596,"Nature, Adventure",Female,1,1,3.0,1.0,3.0,1.0,1.0,1.0,1.0,1.0
597,"City, Historical",Female,1,0,1.0,3.0,1.0,1.0,1.0,1.0,1.0,1.0
598,"Beaches, Historical",Female,2,2,4.0,3.0,1.0,1.0,1.0,1.0,1.0,1.0
599,"Nature, Adventure",Female,1,0,3.0,1.0,3.0,1.0,1.0,1.0,1.0,1.0
600,"City, Historical",Female,2,1,1.0,3.0,1.0,1.0,1.0,1.0,1.0,1.0
601,"Beaches, Historical",Male,1,0,4.0,3.0,1.0,1.0,1.0,1.0,1.0,1.0
602,"Nature, Adventure",Female,1,2,3.0,1.0,3.0,1.0,1.0,1.0,1.0,1.0
603,"City, Historical",Male,2,2,1.0,3.0,1.0,1.0,1.0,1.0,1.0,1.0
604,"Beaches, Historical",Female,2,2,4.0,3.0,1.0,1.0,1.0,1.0,1.0,1.0
605,"Nature, Adventure",Male,2,1,3.0,1.0,3.0,1.0,1.0,1.0,1.0,1.0
606,"City, Historical",Female,2,2,1.0,3.0,1.0,1.0,1.0,1.0,1.0,1.0
607,"Beaches, Historical",Male,1,0,4.0,3.0,1.0,1.0,1.0,1.0,1.0,1.0
608,"Nature, Adventure",Male,1,0,3.0,1.0,3.0,1.0,1.0,1.0,1.0,1.0
609,"City, Historical",Female,2,2,1.0,3.0,1.0,1.0,1.0,1.0,1.0,1.0
610,"Beaches, Historical",Male,1,1,4.0,3.0,1.0,1.0,1.0,1.0,1.0,1.0
611,"Nature, Adventure",Male,2,2,3.0,1.0,3.0,1.0,1.0,1.0,1.0,1.0
612,"City, Historical",Female,2,0,1.0,3.0,1.0,1.0,1.0,1.0,1.0,1.0
613,"Beaches, Historical",Female,2,0,4.0,3.0,1.0,1.0,1.0,1.0,1.0,1.0
614,"Nature, Adventure",Female,2,2,3.0,1.0,3.0,1.0,1.0,1.0,1.0,1.0
615,"City, Historical",Male,1,1,1.0,3.0,1.0,1.0,1.0,1.0,1.0,1.0
616,"Beaches, Historical",Female,1,0,4.0,3.0,1.0,1.0,1.0,1.0,1.0,1.0
617,"Nature, Adventure",Male,2,1,3.0,1.0,3.0,1.0,1.0,1.0,1.0,1.0
618,"City, Historical",Female,1,2,1.0,3.0,1.0,1.0,1.0,1.0,1.0,1.0
619,"Beaches, Historical",Male,1,0,4.0,3.0,1.0,1.0,1.0,1.0,1.0,1.0
620,"Nature, Adventure",Male,2,0,3.0,1.0,3.0,1.0,1.0,1.0,1.0,1.0
621,"City, Historical",Female,2,0,1.0,3.0,1.0,1.0,1.0,1.0,1.0,1.0
622,"Beaches, Historical",Male,2,0,4.0,3.0,1.0,1.0,1.0,1.0,1.0,1.0
623,"Nature, Adventure",Female,1,0,3.0,1.0,3.0,1.0,1.0,1.0,1.0,1.0
624,"City, Historical",Female,1,0,1.0,3.0,1.0,1.0,1.0,1.0,1.0,1.0
625,"Beaches, Historical",Male,1,2,4.0,3.0,1.0,1.0,1.0,1.0,1.0,1.0
626,"Nature, Adventure",Male,2,0,3.0,1.0,3.0,1.0,1.0,1.0,1.0,1.0
627,"City, Historical",Male,2,0,1.0,3.0,1.0,1.0,1.0,1.0,1.0,1.0
628,"Beaches, Historical",Female,1,2,4.0,3.0,1.0,1.0,1.0,1.0,1.0,1.0
629,"Nature, Adventure",Female,2,0,3.0,1.0,3.0,1.0,1.0,1.0,1.0,1.0
630,"City, Historical",Female,1,0,1.0,3.0,1.0,1.0,1.0,1.0,1.0,1.0
631,"Beaches, Historical",Female,1,2,4.0,3.0,1.0,1.0,1.0,1.0,1.0,1.0
632,"Nature, Adventure",Male,1,0,3.0,1.0,3.0,1.0,1.0,1.0,1.0,1.0
633,"City, Historical",Male,2,0,1.0,3.0,1.0,1.0,1.0,1.0,1.0,1.0
634,"Beaches, Historical",Male,2,2,4.0,3.0,1.0,1.0,1.0,1.0,1.0,1.0
635,"Nature, Adventure",Male,1,0,3.0,1.0,3.0,1.0,1.0,1.0,1.0,1.0
636,"City, Historical",Female,2,2,1.0,3.0,1.0,1.0,1.0,1.0,1.0,1.0
637,"Beaches, Historical",Male,1,0,4.0,3.0,1.0,1.0,1.0,1.0,1.0,1.0
638,"Nature, Adventure",Male,2,0,3.0,1.0,3.0,1.0,1.0,1.0,1.0,1.0
639,"City, Historical",Male,1,2,1.0,3.0,1.0,1.0,1.0,1.0,1.0,1.0
640,"Beaches, Historical",Male,1,1,4.0,3.0,1.0,1.0,1.0,1.0,1.0,1.0
641,"Nature, Adventure",Male,2,2,3.0,1.0,3.0,1.0,1.0,1.0,1.0,1.0
642,"City, Historical",Female,1,1,1.0,3.0,1.0,1.0,1.0,1.0,1.0,1.0
643,"Beaches, Historical",Male,1,1,4.0,3.0,1.0,1.0,1.0,1.0,1.0,1.0
644,"Nature, Adventure",Female,1,0,3.0,1.0,3.0,1.0,1.0,1.0,1.0,1.0
645,"City, Historical",Female,1,2,1.0,3.0,1.0,1.0,1.0,1.0,1.0,1.0
646,"Beaches, Historical",Female,1,1,4.0,3.0,1.0,1.0,1.0,1.0,1.0,1.0
647,"Nature, Adventure",Female,2,1,3.0,1.0,3.0,1.0,1.0,1.0,1.0,1.0
648,"City, Historical",Female,2,1,1.0,3.0,1.0,1.0,1.0,1.0,1.0,1.0
649,"Beaches, Historical",Male,2,1,4.0,3.0,1.0,1.0,1.0,1.0,1.0,1.0
650,"Nature, Adventure",Male,2,2,3.0,1.0,3.0,1.0,1.0,1.0,1.0,1.0
651,"City, Historical",Male,2,0,1.0,3.0,1.0,1.0,1.0,1.0,1.0,1.0
652,"Beaches, Historical",Female,2,0,4.0,3.0,1.0,1.0,1.0,1.0,1.0,1.0
653,"Nature, Adventure",Male,2,1,3.0,1.0,3.0,1.0,1.0,1.0,1.0,1.0
654,"City, Historical",Female,2,0,1.0,3.0,1.0,1.0,1.0,1.0,1.0,1.0
655,"Beaches, Historical",Female,1,1,4.0,3.0,1.0,1.0,1.0,1.0,1.0,1.0
656,"Nature, Adventure",Male,1,0,3.0,1.0,3.0,1.0,1.0,1.0,1.0,1.0
657,"City, Historical",Male,1,0,1.0,3.0,1.0,1.0,1.0,1.0,1.0,1.0
658,"Beaches, Historical",Male,1,2,4.0,3.0,1.0,1.0,1.0,1.0,1.0,1.0
659,"Nature, Adventure",Male,2,1,3.0,1.0,3.0,1.0,1.0,1.0,1.0,1.0
660,"City, Historical",Female,2,2,1.0,3.0,1.0,1.0,1.0,1.0,1.0,1.0
661,"Beaches, Historical",Female,2,0,4.0,3.0,1.0,1.0,1.0,1.0,1.0,1.0
662,"Nature, Adventure",Female,2,1,3.0,1.0,3.0,1.0,1.0,1.0,1.0,1.0
663,"City, Historical",Male,1,1,1.0,3.0,1.0,1.0,1.0,1.0,1.0,1.0
664,"Beaches, Historical",Female,2,1,4.0,3.0,1.0,1.0,1.0,1.0,1.0,1.0
665,"Nature, Adventure",Male,1,1,3.0,1.0,3.0,1.0,1.0,1.0,1.0,1.0
666,"City, Historical",Male,1,1,1.0,3.0,1.0,1.0,1.0,1.0,1.0,1.0
667,"Beaches, Historical",Male,2,1,4.0,3.0,1.0,1.0,1.0,1.0,1.0,1.0
668,"Nature, Adventure",Male,2,0,3.0,1.0,3.0,1.0,1.0,1.0,1.0,1.0
669,"City, Historical",Male,2,1,1.0,3.0,1.0,1.0,1.0,1.0,1.0,1.0
670,"Beaches, Historical",Female,1,0,4.0,3.0,1.0,1.0,1.0,1.0,1.0,1.0
671,"Nature, Adventure",Male,2,2,3.0,1.0,3.0,1.0,1.0,1.0,1.0,1.0
672,"City, Historical",Female,2,0,1.0,3.0,1.0,1.0,1.0,1.0,1.0,1.0
673,"Beaches, Historical",Female,2,2,4.0,3.0,1.0,1.0,1.0,1.0,1.0,1.0
674,"Nature, Adventure",Male,1,1,3.0,1.0,3.0,1.0,1.0,1.0,1.0,1.0
675,"City, Historical",Female,2,0,1.0,3.0,1.0,1.0,1.0,1.0,1.0,1.0
676,"Beaches, Historical",Male,2,0,4.0,3.0,1.0,1.0,1.0,1.0,1.0,1.0
677,"Nature, Adventure",Male,2,0,3.0,1.0,3.0,1.0,1.0,1.0,1.0,1.0
678,"City, Historical",Female,2,2,1.0,3.0,1.0,1.0,1.0,1.0,1.0,1.0
679,"Beaches, Historical",Male,2,1,4.0,3.0,1.0,1.0,1.0,1.0,1.0,1.0
680,"Nature, Adventure",Male,1,0,3.0,1.0,3.0,1.0,1.0,1.0,1.0,1.0
681,"City, Historical",Female,1,2,1.0,3.0,1.0,1.0,1.0,1.0,1.0,1.0
682,"Beaches, Historical",Male,2,0,4.0,3.0,1.0,1.0,1.0,1.0,1.0,1.0
683,"Nature, Adventure",Female,1,0,3.0,1.0,3.0,1.0,1.0,1.0,1.0,1.0
684,"City, Historical",Male,1,0,1.0,3.0,1.0,1.0,1.0,1.0,1.0,1.0
685,"Beaches, Historical",Male,1,0,4.0,3.0,1.0,1.0,1.0,1.0,1.0,1.0
686,"Nature, Adventure",Male,2,2,3.0,1.0,3.0,1.0,1.0,1.0,1.0,1.0
687,"City, Historical",Female,1,1,1.0,3.0,1.0,1.0,1.0,1.0,1.0,1.0
688,"Beaches, Historical",Female,2,1,4.0,3.0,1.0,1.0,1.0,1.0,1.0,1.0
689,"Nature, Adventure",Male,1,0,3.0,1.0,3.0,1.0,1.0,1.0,1.0,1.0
690,"City, Historical",Male,2,2,1.0,3.0,1.0,1.0,1.0,1.0,1.0,1.0
691,"Beaches, Historical",Female,1,1,4.0,3.0,1.0,1.0,1.0,1.0,1.0,1.0
692,"Nature, Adventure",Male,2,1,3.0,1.0,3.0,1.0,1.0,1.0,1.0,1.0
693,"City, Historical",Male,2,0,1.0,3.0,1.0,1.0,1.0,1.0,1.0,1.0
694,"Beaches, Historical",Female,1,0,4.0,3.0,1.0,1.0,1.0,1.0,1.0,1.0
695,"Nature, Adventure",Female,2,2,3.0,1.0,3.0,1.0,1.0,1.0,1.0,1.0
696,"City, Historical",Male,1,1,1.0,3.0,1.0,1.0,1.0,1.0,1.0,1.0
697,"Beaches, Historical",Male,1,0,4.0,3.0,1.0,1.0,1.0,1.0,1.0,1.0
698,"Nature, Adventure",Male,1,2,3.0,1.0,3.0,1.0,1.0,1.0,1.0,1.0
699,"City, Historical",Male,2,2,1.0,3.0,1.0,1.0,1.0,1.0,1.0,1.0
700,"Beaches, Historical",Male,1,2,4.0,3.0,1.0,1.0,1.0,1.0,1.0,1.0
701,"Nature, Adventure",Female,2,1,3.0,1.0,3.0,1.0,1.0,1.0,1.0,1.0
702,"City, Historical",Male,1,1,1.0,3.0,1.0,1.0,1.0,1.0,1.0,1.0
703,"Beaches, Historical",Male,2,1,4.0,3.0,1.0,1.0,1.0,1.0,1.0,1.0
704,"Nature, Adventure",Male,2,2,3.0,1.0,3.0,1.0,1.0,1.0,1.0,1.0
705,"City, Historical",Female,1,2,1.0,3.0,1.0,1.0,1.0,1.0,1.0,1.0
706,"Beaches, Historical",Female,2,0,4.0,3.0,1.0,1.0,1.0,1.0,1.0,1.0
707,"Nature, Adventure",Female,2,0,3.0,1.0,3.0,1.0,1.0,1.0,1.0,1.0
708,"City, Historical",Male,1,1,1.0,3.0,1.0,1.0,1.0,1.0,1.0,1.0
709,"Beaches, Historical",Male,2,1,4.0,3.0,1.0,1.0,1.0,1.0,1.0,1.0
710,"Nature, Adventure",Female,2,0,3.0,1.0,3.0,1.0,1.0,1.0,1.0,1.0
711,"City, Historical",Male,2,1,1.0,3.0,1.0,1.0,1.0,1.0,1.0,1.0
712,"Beaches, Historical",Female,2,0,4.0,3.0,1.0,1.0,1.0,1.0,1.0,1.0
713,"Nature, Adventure",Female,2,0,3.0,1.0,3.0,1.0,1.0,1.0,1.0,1.0
714,"City, Historical",Male,1,0,1.0,3.0,1.0,1.0,1.0,1.0,1.0,1.0
715,"Beaches, Historical",Female,1,2,4.0,3.0,1.0,1.0,1.0,1.0,1.0,1.0
716,"Nature, Adventure",Female,2,1,3.0,1.0,3.0,1.0,1.0,1.0,1.0,1.0
717,"City, Historical",Female,2,2,1.0,3.0,1.0,1.0,1.0,1.0,1.0,1.0
718,"Beaches, Historical",Male,2,1,4.0,3.0,1.0,1.0,1.0,1.0,1.0,1.0
719,"Nature, Adventure",Female,2,2,3.0,1.0,3.0,1.0,1.0,1.0,1.0,1.0
720,"City, Historical",Female,1,1,1.0,3.0,1.0,1.0,1.0,1.0,1.0,1.0
721,"Beaches, Historical",Male,2,1,4.0,3.0,1.0,1.0,1.0,1.0,1.0,1.0
722,"Nature, Adventure",Female,1,0,3.0,1.0,3.0,1.0,1.0,1.0,1.0,1.0
723,"City, Historical",Female,1,2,1.0,3.0,1.0,1.0,1.0,1.0,1.0,1.0
724,"Beaches, Historical",Female,2,2,4.0,3.0,1.0,1.0,1.0,1.0,1.0,1.0
725,"Nature, Adventure",Male,1,1,3.0,1.0,3.0,1.0,1.0,1.0,1.0,1.0
726,"City, Historical",Male,2,2,1.0,3.0,1.0,1.0,1.0,1.0,1.0,1.0
727,"Beaches, Historical",Female,1,1,4.0,3.0,1.0,1.0,1.0,1.0,1.0,1.0
728,"Nature, Adventure",Female,2,1,3.0,1.0,3.0,1.0,1.0,1.0,1.0,1.0
729,"City, Historical",Female,2,0,1.0,3.0,1.0,1.0,1.0,1.0,1.0,1.0
730,"Beaches, Historical",Female,1,1,4.0,3.0,1.0,1.0,1.0,1.0,1.0,1.0
731,"Nature, Adventure",Female,2,2,3.0,1.0,3.0,1.0,1.0,1.0,1.0,1.0
732,"City, Historical",Male,2,0,1.0,3.0,1.0,1.0,1.0,1.0,1.0,1.0
733,"Beaches, Historical",Female,1,1,4.0,3.0,1.0,1.0,1.0,1.0,1.0,1.0
734,"Nature, Adventure",Male,2,0,3.0,1.0,3.0,1.0,1.0,1.0,1.0,1.0
735,"City, Historical",Female,1,0,1.0,3.0,1.0,1.0,1.0,1.0,1.0,1.0
736,"Beaches, Historical",Male,1,1,4.0,3.0,1.0,1.0,1.0,1.0,1.0,1.0
737,"Nature, Adventure",Female,1,2,3.0,1.0,3.0,1.0,1.0,1.0,1.0,1.0
738,"City, Historical",Female,1,1,1.0,3.0,1.0,1.0,1.0,1.0,1.0,1.0
739,"Beaches, Historical",Male,2,1,4.0,3.0,1.0,1.0,1.0,1.0,1.0,1.0
740,"Nature, Adventure",Female,1,1,3.0,1.0,3.0,1.0,1.0,1.0,1.0,1.0
741,"City, Historical",Female,1,1,1.0,3.0,1.0,1.0,1.0,1.0,1.0,1.0
742,"Beaches, Historical",Female,2,1,4.0,3.0,1.0,1.0,1.0,1.0,1.0,1.0
743,"Nature, Adventure",Female,1,2,3.0,1.0,3.0,1.0,1.0,1.0,1.0,1.0
744,"City, Historical",Female,1,0,1.0,3.0,1.0,1.0,1.0,1.0,1.0,1.0
745,"Beaches, Historical",Female,1,2,4.0,3.0,1.0,1.0,1.0,1.0,1.0,1.0
746,"Nature, Adventure",Female,2,1,3.0,1.0,3.0,1.0,1.0,1.0,1.0,1.0
747,"City, Historical",Female,1,0,1.0,3.0,1.0,1.0,1.0,1.0,1.0,1.0
748,"Beaches, Historical",Male,2,0,4.0,3.0,1.0,1.0,1.0,1.0,1.0,1.0
749,"Nature, Adventure",Female,1,0,3.0,1.0,3.0,1.0,1.0,1.0,1.0,1.0
750,"City, Historical",Male,1,2,1.0,3.0,1.0,1.0,1.0,1.0,1.0,1.0
751,"Beaches, Historical",Female,1,2,4.0,3.0,1.0,1.0,1.0,1.0,1.0,1.0
752,"Nature, Adventure",Male,1,2,3.0,1.0,3.0,1.0,1.0,1.0,1.0,1.0
753,"City, Historical",Female,2,1,1.0,3.0,1.0,1.0,1.0,1.0,1.0,1.0
754,"Beaches, Historical",Male,2,2,4.0,3.0,1.0,1.0,1.0,1.0,1.0,1.0
755,"Nature, Adventure",Male,2,2,3.0,1.0,3.0,1.0,1.0,1.0,1.0,1.0
756,"City, Historical",Male,1,2,1.0,3.0,1.0,1.0,1.0,1.0,1.0,1.0
757,"Beaches, Historical",Male,1,0,4.0,3.0,1.0,1.0,1.0,1.0,1.0,1.0
758,"Nature, Adventure",Male,2,0,3.0,1.0,3.0,1.0,1.0,1.0,1.0,1.0
759,"City, Historical",Female,2,1,1.0,3.0,1.0,1.0,1.0,1.0,1.0,1.0
760,"Beaches, Historical",Female,1,0,4.0,3.0,1.0,1.0,1.0,1.0,1.0,1.0
761,"Nature, Adventure",Male,2,1,3.0,1.0,3.0,1.0,1.0,1.0,1.0,1.0
762,"City, Historical",Female,2,0,1.0,3.0,1.0,1.0,1.0,1.0,1.0,1.0
763,"Beaches, Historical",Female,1,1,4.0,3.0,1.0,1.0,1.0,1.0,1.0,1.0
764,"Nature, Adventure",Female,2,1,3.0,1.0,3.0,1.0,1.0,1.0,1.0,1.0
765,"City, Historical",Male,2,0,1.0,3.0,1.0,1.0,1.0,1.0,1.0,1.0
766,"Beaches, Historical",Female,1,0,4.0,3.0,1.0,1.0,1.0,1.0,1.0,1.0
767,"Nature, Adventure",Female,2,2,3.0,1.0,3.0,1.0,1.0,1.0,1.0,1.0
768,"City, Historical",Female,1,2,1.0,3.0,1.0,1.0,1.0,1.0,1.0,1.0
769,"Beaches, Historical",Female,2,1,4.0,3.0,1.0,1.0,1.0,1.0,1.0,1.0
770,"Nature, Adventure",Female,2,1,3.0,1.0,3.0,1.0,1.0,1.0,1.0,1.0
771,"City, Historical",Male,1,1,1.0,3.0,1.0,1.0,1.0,1.0,1.0,1.0
772,"Beaches, Historical",Male,1,0,4.0,3.0,1.0,1.0,1.0,1.0,1.0,1.0
773,"Nature, Adventure",Male,1,0,3.0,1.0,3.0,1.0,1.0,1.0,1.0,1.0
774,"City, Historical",Male,1,2,1.0,3.0,1.0,1.0,1.0,1.0,1.0,1.0
775,"Beaches, Historical",Male,2,0,4.0,3.0,1.0,1.0,1.0,1.0,1.0,1.0
776,"Nature, Adventure",Male,2,1,3.0,1.0,3.0,1.0,1.0,1.0,1.0,1.0
777,"City, Historical",Male,1,2,1.0,3.0,1.0,1.0,1.0,1.0,1.0,1.0
778,"Beaches, Historical",Female,1,0,4.0,3.0,1.0,1.0,1.0,1.0,1.0,1.0
779,"Nature, Adventure",Female,2,1,3.0,1.0,3.0,1.0,1.0,1.0,1.0,1.0
780,"City, Historical",Female,2,0,1.0,3.0,1.0,1.0,1.0,1.0,1.0,1.0
781,"Beaches, Historical",Female,1,0,4.0,3.0,1.0,1.0,1.0,1.0,1.0,1.0
782,"Nature, Adventure",Male,1,0,3.0,1.0,3.0,1.0,1.0,1.0,1.0,1.0
783,"City, Historical",Male,1,1,1.0,3.0,1.0,1.0,1.0,1.0,1.0,1.0
784,"Beaches, Historical",Male,2,1,4.0,3.0,1.0,1.0,1.0,1.0,1.0,1.0
785,"Nature, Adventure",Male,1,0,3.0,1.0,3.0,1.0,1.0,1.0,1.0,1.0
786,"City, Historical",Female,2,1,1.0,3.0,1.0,1.0,1.0,1.0,1.0,1.0
787,"Beaches, Historical",Male,1,0,4.0,3.0,1.0,1.0,1.0,1.0,1.0,1.0
788,"Nature, Adventure",Female,1,2,3.0,1.0,3.0,1.0,1.0,1.0,1.0,1.0
789,"City, Historical",Male,2,1,1.0,3.0,1.0,1.0,1.0,1.0,1.0,1.0
790,"Beaches, Historical",Male,1,0,4.0,3.0,1.0,1.0,1.0,1.0,1.0,1.0
791,"Nature, Adventure",Male,1,0,3.0,1.0,3.0,1.0,1.0,1.0,1.0,1.0
792,"City, Historical",Male,1,0,1.0,3.0,1.0,1.0,1.0,1.0,1.0,1.0
793,"Beaches, Historical",Male,2,2,4.0,3.0,1.0,1.0,1.0,1.0,1.0,1.0
794,"Nature, Adventure",Female,2,1,3.0,1.0,3.0,1.0,1.0,1.0,1.0,1.0
795,"City, Historical",Male,1,0,1.0,3.0,1.0,1.0,1.0,1.0,1.0,1.0
796,"Beaches, Historical",Female,1,0,4.0,3.0,1.0,1.0,1.0,1.0,1.0,1.0
797,"Nature, Adventure",Female,1,0,3.0,1.0,3.0,1.0,1.0,1.0,1.0,1.0
798,"City, Historical",Male,2,1,1.0,3.0,1.0,1.0,1.0,1.0,1.0,1.0
799,"Beaches, Historical",Female,1,2,4.0,3.0,1.0,1.0,1.0,1.0,1.0,1.0
800,"Nature, Adventure",Female,1,2,3.0,1.0,3.0,1.0,1.0,1.0,1.0,1.0
801,"City, Historical",Female,2,0,1.0,3.0,1.0,1.0,1.0,1.0,1.0,1.0
802,"Beaches, Historical",Male,1,0,4.0,3.0,1.0,1.0,1.0,1.0,1.0,1.0
803,"Nature, Adventure",Female,2,1,3.0,1.0,3.0,1.0,1.0,1.0,1.0,1.0
804,"City, Historical",Female,1,0,1.0,3.0,1.0,1.0,1.0,1.0,1.0,1.0
805,"Beaches, Historical",Male,1,2,4.0,3.0,1.0,1.0,1.0,1.0,1.0,1.0
806,"Nature, Adventure",Male,2,1,3.0,1.0,3.0,1.0,1.0,1.0,1.0,1.0
807,"City, Historical",Female,2,1,1.0,3.0,1.0,1.0,1.0,1.0,1.0,1.0
808,"Beaches, Historical",Female,1,0,4.0,3.0,1.0,1.0,1.0,1.0,1.0,1.0
809,"Nature, Adventure",Male,1,2,3.0,1.0,3.0,1.0,1.0,1.0,1.0,1.0
810,"City, Historical",Female,2,1,1.0,3.0,1.0,1.0,1.0,1.0,1.0,1.0
811,"Beaches, Historical",Male,2,1,4.0,3.0,1.0,1.0,1.0,1.0,1.0,1.0
812,"Nature, Adventure",Male,2,0,3.0,1.0,3.0,1.0,1.0,1.0,1.0,1.0
813,"City, Historical",Male,1,2,1.0,3.0,1.0,1.0,1.0,1.0,1.0,1.0
814,"Beaches, Historical",Male,1,2,4.0,3.0,1.0,1.0,1.0,1.0,1.0,1.0
815,"Nature, Adventure",Male,1,1,3.0,1.0,3.0,1.0,1.0,1.0,1.0,1.0
816,"City, Historical",Male,1,2,1.0,3.0,1.0,1.0,1.0,1.0,1.0,1.0
817,"Beaches, Historical",Female,1,0,4.0,3.0,1.0,1.0,1.0,1.0,1.0,1.0
818,"Nature, Adventure",Female,2,0,3.0,1.0,3.0,1.0,1.0,1.0,1.0,1.0
819,"City, Historical",Female,1,1,1.0,3.0,1.0,1.0,1.0,1.0,1.0,1.0
820,"Beaches, Historical",Male,1,1,4.0,3.0,1.0,1.0,1.0,1.0,1.0,1.0
821,"Nature, Adventure",Male,1,2,3.0,1.0,3.0,1.0,1.0,1.0,1.0,1.0
822,"City, Historical",Female,1,0,1.0,3.0,1.0,1.0,1.0,1.0,1.0,1.0
823,"Beaches, Historical",Female,1,2,4.0,3.0,1.0,1.0,1.0,1.0,1.0,1.0
824,"Nature, Adventure",Male,2,2,3.0,1.0,3.0,1.0,1.0,1.0,1.0,1.0
825,"City, Historical",Female,2,1,1.0,3.0,1.0,1.0,1.0,1.0,1.0,1.0
826,"Beaches, Historical",Female,2,0,4.0,3.0,1.0,1.0,1.0,1.0,1.0,1.0
827,"Nature, Adventure",Male,2,0,3.0,1.0,3.0,1.0,1.0,1.0,1.0,1.0
828,"City, Historical",Female,2,2,1.0,3.0,1.0,1.0,1.0,1.0,1.0,1.0
829,"Beaches, Historical",Female,1,0,4.0,3.0,1.0,1.0,1.0,1.0,1.0,1.0
830,"Nature, Adventure",Male,1,0,3.0,1.0,3.0,1.0,1.0,1.0,1.0,1.0
831,"City, Historical",Female,2,2,1.0,3.0,1.0,1.0,1.0,1.0,1.0,1.0
832,"Beaches, Historical",Female,2,1,4.0,3.0,1.0,1.0,1.0,1.0,1.0,1.0
833,"Nature, Adventure",Female,2,1,3.0,1.0,3.0,1.0,1.0,1.0,1.0,1.0
834,"City, Historical",Male,2,1,1.0,3.0,1.0,1.0,1.0,1.0,1.0,1.0
835,"Beaches, Historical",Female,2,2,4.0,3.0,1.0,1.0,1.0,1.0,1.0,1.0
836,"Nature, Adventure",Female,2,0,3.0,1.0,3.0,1.0,1.0,1.0,1.0,1.0
837,"City, Historical",Female,2,2,1.0,3.0,1.0,1.0,1.0,1.0,1.0,1.0
838,"Beaches, Historical",Female,2,2,4.0,3.0,1.0,1.0,1.0,1.0,1.0,1.0
839,"Nature, Adventure",Female,1,1,3.0,1.0,3.0,1.0,1.0,1.0,1.0,1.0
840,"City, Historical",Female,1,0,1.0,3.0,1.0,1.0,1.0,1.0,1.0,1.0
841,"Beaches, Historical",Female,1,1,4.0,3.0,1.0,1.0,1.0,1.0,1.0,1.0
842,"Nature, Adventure",Male,2,0,3.0,1.0,3.0,1.0,1.0,1.0,1.0,1.0
843,"City, Historical",Male,2,0,1.0,3.0,1.0,1.0,1.0,1.0,1.0,1.0
844,"Beaches, Historical",Male,2,1,4.0,3.0,1.0,1.0,1.0,1.0,1.0,1.0
845,"Nature, Adventure",Female,2,1,3.0,1.0,3.0,1.0,1.0,1.0,1.0,1.0
846,"City, Historical",Male,1,2,1.0,3.0,1.0,1.0,1.0,1.0,1.0,1.0
847,"Beaches, Historical",Female,1,0,4.0,3.0,1.0,1.0,1.0,1.0,1.0,1.0
848,"Nature, Adventure",Female,2,0,3.0,1.0,3.0,1.0,1.0,1.0,1.0,1.0
849,"City, Historical",Female,1,0,1.0,3.0,1.0,1.0,1.0,1.0,1.0,1.0
850,"Beaches, Historical",Male,2,0,4.0,3.0,1.0,1.0,1.0,1.0,1.0,1.0
851,"Nature, Adventure",Female,2,0,3.0,1.0,3.0,1.0,1.0,1.0,1.0,1.0
852,"City, Historical",Male,2,2,1.0,3.0,1.0,1.0,1.0,1.0,1.0,1.0
853,"Beaches, Historical",Male,2,0,4.0,3.0,1.0,1.0,1.0,1.0,1.0,1.0
854,"Nature, Adventure",Female,2,2,3.0,1.0,3.0,1.0,1.0,1.0,1.0,1.0
855,"City, Historical",Female,1,1,1.0,3.0,1.0,1.0,1.0,1.0,1.0,1.0
856,"Beaches, Historical",Female,1,2,4.0,3.0,1.0,1.0,1.0,1.0,1.0,1.0
857,"Nature, Adventure",Male,1,2,3.0,1.0,3.0,1.0,1.0,1.0,1.0,1.0
858,"City, Historical",Male,1,2,1.0,3.0,1.0,1.0,1.0,1.0,1.0,1.0
859,"Beaches, Historical",Male,2,1,4.0,3.0,1.0,1.0,1.0,1.0,1.0,1.0
860,"Nature, Adventure",Male,1,0,3.0,1.0,3.0,1.0,1.0,1.0,1.0,1.0
861,"City, Historical",Male,1,2,1.0,3.0,1.0,1.0,1.0,1.0,1.0,1.0
862,"Beaches, Historical",Male,1,1,4.0,3.0,1.0,1.0,1.0,1.0,1.0,1.0
863,"Nature, Adventure",Male,1,2,3.0,1.0,3.0,1.0,1.0,1.0,1.0,1.0
864,"City, Historical",Female,2,2,1.0,3.0,1.0,1.0,1.0,1.0,1.0,1.0
865,"Beaches, Historical",Male,2,1,4.0,3.0,1.0,1.0,1.0,1.0,1.0,1.0
866,"Nature, Adventure",Male,2,2,3.0,1.0,3.0,1.0,1.0,1.0,1.0,1.0
867,"City, Historical",Male,2,2,1.0,3.0,1.0,1.0,1.0,1.0,1.0,1.0
868,"Beaches, Historical",Female,2,0,4.0,3.0,1.0,1.0,1.0,1.0,1.0,1.0
869,"Nature, Adventure",Male,1,1,3.0,1.0,3.0,1.0,1.0,1.0,1.0,1.0
870,"City, Historical",Female,2,2,1.0,3.0,1.0,1.0,1.0,1.0,1.0,1.0
871,"Beaches, Historical",Male,1,1,4.0,3.0,1.0,1.0,1.0,1.0,1.0,1.0
872,"Nature, Adventure",Male,1,1,3.0,1.0,3.0,1.0,1.0,1.0,1.0,1.0
873,"City, Historical",Female,2,0,1.0,3.0,1.0,1.0,1.0,1.0,1.0,1.0
874,"Beaches, Historical",Male,2,0,4.0,3.0,1.0,1.0,1.0,1.0,1.0,1.0
875,"Nature, Adventure",Male,2,0,3.0,1.0,3.0,1.0,1.0,1.0,1.0,1.0
876,"City, Historical",Male,2,2,1.0,3.0,1.0,1.0,1.0,1.0,1.0,1.0
877,"Beaches, Historical",Female,2,2,4.0,3.0,1.0,1.0,1.0,1.0,1.0,1.0
878,"Nature, Adventure",Female,1,2,3.0,1.0,3.0,1.0,1.0,1.0,1.0,1.0
879,"City, Historical",Female,1,2,1.0,3.0,1.0,1.0,1.0,1.0,1.0,1.0
880,"Beaches, Historical",Male,2,2,4.0,3.0,1.0,1.0,1.0,1.0,1.0,1.0
881,"Nature, Adventure",Male,1,2,3.0,1.0,3.0,1.0,1.0,1.0,1.0,1.0
882,"City, Historical",Male,1,1,1.0,3.0,1.0,1.0,1.0,1.0,1.0,1.0
883,"Beaches, Historical",Female,2,1,4.0,3.0,1.0,1.0,1.0,1.0,1.0,1.0
884,"Nature, Adventure",Male,2,0,3.0,1.0,3.0,1.0,1.0,1.0,1.0,1.0
885,"City, Historical",Male,2,2,1.0,3.0,1.0,1.0,1.0,1.0,1.0,1.0
886,"Beaches, Historical",Male,1,1,4.0,3.0,1.0,1.0,1.0,1.0,1.0,1.0
887,"Nature, Adventure",Female,1,0,3.0,1.0,3.0,1.0,1.0,1.0,1.0,1.0
888,"City, Historical",Female,2,0,1.0,3.0,1.0,1.0,1.0,1.0,1.0,1.0
889,"Beaches, Historical",Male,2,0,4.0,3.0,1.0,1.0,1.0,1.0,1.0,1.0
890,"Nature, Adventure",Male,1,0,3.0,1.0,3.0,1.0,1.0,1.0,1.0,1.0
891,"City, Historical",Male,1,1,1.0,3.0,1.0,1.0,1.0,1.0,1.0,1.0
892,"Beaches, Historical",Female,1,1,4.0,3.0,1.0,1.0,1.0,1.0,1.0,1.0
893,"Nature, Adventure",Male,2,1,3.0,1.0,3.0,1.0,1.0,1.0,1.0,1.0
894,"City, Historical",Female,2,0,1.0,3.0,1.0,1.0,1.0,1.0,1.0,1.0
895,"Beaches, Historical",Female,1,0,4.0,3.0,1.0,1.0,1.0,1.0,1.0,1.0
896,"Nature, Adventure",Female,2,2,3.0,1.0,3.0,1.0,1.0,1.0,1.0,1.0
897,"City, Historical",Female,1,2,1.0,3.0,1.0,1.0,1.0,1.0,1.0,1.0
898,"Beaches, Historical",Female,2,0,4.0,3.0,1.0,1.0,1.0,1.0,1.0,1.0
899,"Nature, Adventure",Female,1,1,3.0,1.0,3.0,1.0,1.0,1.0,1.0,1.0
900,"City, Historical",Female,2,0,1.0,3.0,1.0,1.0,1.0,1.0,1.0,1.0
901,"Beaches, Historical",Female,2,2,4.0,3.0,1.0,1.0,1.0,1.0,1.0,1.0
902,"Nature, Adventure",Female,2,2,3.0,1.0,3.0,1.0,1.0,1.0,1.0,1.0
903,"City, Historical",Male,2,1,1.0,3.0,1.0,1.0,1.0,1.0,1.0,1.0
904,"Beaches, Historical",Male,1,0,4.0,3.0,1.0,1.0,1.0,1.0,1.0,1.0
905,"Nature, Adventure",Female,1,2,3.0,1.0,3.0,1.0,1.0,1.0,1.0,1.0
906,"City, Historical",Male,1,1,1.0,3.0,1.0,1.0,1.0,1.0,1.0,1.0
907,"Beaches, Historical",Female,2,2,4.0,3.0,1.0,1.0,1.0,1.0,1.0,1.0
908,"Nature, Adventure",Female,2,1,3.0,1.0,3.0,1.0,1.0,1.0,1.0,1.0
909,"City, Historical",Male,2,2,1.0,3.0,1.0,1.0,1.0,1.0,1.0,1.0
910,"Beaches, Historical",Male,2,2,4.0,3.0,1.0,1.0,1.0,1.0,1.0,1.0
911,"Nature, Adventure",Female,1,0,3.0,1.0,3.0,1.0,1.0,1.0,1.0,1.0
912,"City, Historical",Male,1,1,1.0,3.0,1.0,1.0,1.0,1.0,1.0,1.0
913,"Beaches, Historical",Male,1,1,4.0,3.0,1.0,1.0,1.0,1.0,1.0,1.0
914,"Nature, Adventure",Male,1,2,3.0,1.0,3.0,1.0,1.0,1.0,1.0,1.0
915,"City, Historical",Male,1,0,1.0,3.0,1.0,1.0,1.0,1.0,1.0,1.0
916,"Beaches, Historical",Female,1,2,4.0,3.0,1.0,1.0,1.0,1.0,1.0,1.0
917,"Nature, Adventure",Female,2,2,3.0,1.0,3.0,1.0,1.0,1.0,1.0,1.0
918,"City, Historical",Male,2,2,1.0,3.0,1.0,1.0,1.0,1.0,1.0,1.0
919,"Beaches, Historical",Female,1,1,4.0,3.0,1.0,1.0,1.0,1.0,1.0,1.0
920,"Nature, Adventure",Female,2,0,3.0,1.0,3.0,1.0,1.0,1.0,1.0,1.0
921,"City, Historical",Male,1,2,1.0,3.0,1.0,1.0,1.0,1.0,1.0,1.0
922,"Beaches, Historical",Male,1,2,4.0,3.0,1.0,1.0,1.0,1.0,1.0,1.0
923,"Nature, Adventure",Female,2,2,3.0,1.0,3.0,1.0,1.0,1.0,1.0,1.0
924,"City, Historical",Female,1,1,1.0,3.0,1.0,1.0,1.0,1.0,1.0,1.0
925,"Beaches, Historical",Male,2,2,4.0,3.0,1.0,1.0,1.0,1.0,1.0,1.0
926,"Nature, Adventure",Female,1,1,3.0,1.0,3.0,1.0,1.0,1.0,1.0,1.0
927,"City, Historical",Male,1,1,1.0,3.0,1.0,1.0,1.0,1.0,1.0,1.0
928,"Beaches, Historical",Female,1,1,4.0,3.0,1.0,1.0,1.0,1.0,1.0,1.0
929,"Nature, Adventure",Male,1,1,3.0,1.0,3.0,1.0,1.0,1.0,1.0,1.0
930,"City, Historical",Male,2,1,1.0,3.0,1.0,1.0,1.0,1.0,1.0,1.0
931,"Beaches, Historical",Male,1,0,4.0,3.0,1.0,1.0,1.0,1.0,1.0,1.0
932,"Nature, Adventure",Female,1,1,3.0,1.0,3.0,1.0,1.0,1.0,1.0,1.0
933,"City, Historical",Male,2,1,1.0,3.0,1.0,1.0,1.0,1.0,1.0,1.0
934,"Beaches, Historical",Female,2,2,4.0,3.0,1.0,1.0,1.0,1.0,1.0,1.0
935,"Nature, Adventure",Female,1,0,3.0,1.0,3.0,1.0,1.0,1.0,1.0,1.0
936,"City, Historical",Male,1,0,1.0,3.0,1.0,1.0,1.0,1.0,1.0,1.0
937,"Beaches, Historical",Female,2,2,4.0,3.0,1.0,1.0,1.0,1.0,1.0,1.0
938,"Nature, Adventure",Female,1,1,3.0,1.0,3.0,1.0,1.0,1.0,1.0,1.0
939,"City, Historical",Female,2,0,1.0,3.0,1.0,1.0,1.0,1.0,1.0,1.0
940,"Beaches, Historical",Female,1,1,4.0,3.0,1.0,1.0,1.0,1.0,1.0,1.0
941,"Nature, Adventure",Male,2,2,3.0,1.0,3.0,1.0,1.0,1.0,1.0,1.0
942,"City, Historical",Male,1,0,1.0,3.0,1.0,1.0,1.0,1.0,1.0,1.0
943,"Beaches, Historical",Male,2,1,4.0,3.0,1.0,1.0,1.0,1.0,1.0,1.0
944,"Nature, Adventure",Female,2,0,3.0,1.0,3.0,1.0,1.0,1.0,1.0,1.0
945,"City, Historical",Male,2,0,1.0,3.0,1.0,1.0,1.0,1.0,1.0,1.0
946,"Beaches, Historical",Male,1,1,4.0,3.0,1.0,1.0,1.0,1.0,1.0,1.0
947,"Nature, Adventure",Female,2,1,3.0,1.0,3.0,1.0,1.0,1.0,1.0,1.0
948,"City, Historical",Male,1,0,1.0,3.0,1.0,1.0,1.0,1.0,1.0,1.0
949,"Beaches, Historical",Female,2,2,4.0,3.0,1.0,1.0,1.0,1.0,1.0,1.0
950,"Nature, Adventure",Male,2,0,3.0,1.0,3.0,1.0,1.0,1.0,1.0,1.0
951,"City, Historical",Male,1,2,1.0,3.0,1.0,1.0,1.0,1.0,1.0,1.0
952,"Beaches, Historical",Female,1,0,4.0,3.0,1.0,1.0,1.0,1.0,1.0,1.0
953,"Nature, Adventure",Female,1,1,3.0,1.0,3.0,1.0,1.0,1.0,1.0,1.0
954,"City, Historical",Male,2,2,1.0,3.0,1.0,1.0,1.0,1.0,1.0,1.0
955,"Beaches, Historical",Female,2,2,4.0,3.0,1.0,1.0,1.0,1.0,1.0,1.0
956,"Nature, Adventure",Male,1,0,3.0,1.0,3.0,1.0,1.0,1.0,1.0,1.0
957,"City, Historical",Female,1,0,1.0,3.0,1.0,1.0,1.0,1.0,1.0,1.0
958,"Beaches, Historical",Male,1,2,4.0,3.0,1.0,1.0,1.0,1.0,1.0,1.0
959,"Nature, Adventure",Male,1,1,3.0,1.0,3.0,1.0,1.0,1.0,1.0,1.0
960,"City, Historical",Male,1,2,1.0,3.0,1.0,1.0,1.0,1.0,1.0,1.0
961,"Beaches, Historical",Female,1,2,4.0,3.0,1.0,1.0,1.0,1.0,1.0,1.0
962,"Nature, Adventure",Female,2,1,3.0,1.0,3.0,1.0,1.0,1.0,1.0,1.0
963,"City, Historical",Male,1,1,1.0,3.0,1.0,1.0,1.0,1.0,1.0,1.0
964,"Beaches, Historical",Female,1,0,4.0,3.0,1.0,1.0,1.0,1.0,1.0,1.0
965,"Nature, Adventure",Male,1,0,3.0,1.0,3.0,1.0,1.0,1.0,1.0,1.0
966,"City, Historical",Female,1,0,1.0,3.0,1.0,1.0,1.0,1.0,1.0,1.0
967,"Beaches, Historical",Female,2,1,4.0,3.0,1.0,1.0,1.0,1.0,1.0,1.0
968,"Nature, Adventure",Female,1,2,3.0,1.0,3.0,1.0,1.0,1.0,1.0,1.0
969,"City, Historical",Male,1,1,1.0,3.0,1.0,1.0,1.0,1.0,1.0,1.0
970,"Beaches, Historical",Female,1,0,4.0,3.0,1.0,1.0,1.0,1.0,1.0,1.0
971,"Nature, Adventure",Female,2,2,3.0,1.0,3.0,1.0,1.0,1.0,1.0,1.0
972,"City, Historical",Female,2,0,1.0,3.0,1.0,1.0,1.0,1.0,1.0,1.0
973,"Beaches, Historical",Female,1,2,4.0,3.0,1.0,1.0,1.0,1.0,1.0,1.0
974,"Nature, Adventure",Male,2,1,3.0,1.0,3.0,1.0,1.0,1.0,1.0,1.0
975,"City, Historical",Female,1,0,1.0,3.0,1.0,1.0,1.0,1.0,1.0,1.0
976,"Beaches, Historical",Male,1,1,4.0,3.0,1.0,1.0,1.0,1.0,1.0,1.0
977,"Nature, Adventure",Male,1,1,3.0,1.0,3.0,1.0,1.0,1.0,1.0,1.0
978,"City, Historical",Female,2,1,1.0,3.0,1.0,1.0,1.0,1.0,1.0,1.0
979,"Beaches, Historical",Male,1,2,4.0,3.0,1.0,1.0,1.0,1.0,1.0,1.0
980,"Nature, Adventure",Female,1,1,3.0,1.0,3.0,1.0,1.0,1.0,1.0,1.0
981,"City, Historical",Male,1,1,1.0,3.0,1.0,1.0,1.0,1.0,1.0,1.0
982,"Beaches, Historical",Female,2,2,4.0,3.0,1.0,1.0,1.0,1.0,1.0,1.0
983,"Nature, Adventure",Male,2,1,3.0,1.0,3.0,1.0,1.0,1.0,1.0,1.0
984,"City, Historical",Male,2,1,1.0,3.0,1.0,1.0,1.0,1.0,1.0,1.0
985,"Beaches, Historical",Male,1,1,4.0,3.0,1.0,1.0,1.0,1.0,1.0,1.0
986,"Nature, Adventure",Female,1,2,3.0,1.0,3.0,1.0,1.0,1.0,1.0,1.0
987,"City, Historical",Female,2,2,1.0,3.0,1.0,1.0,1.0,1.0,1.0,1.0
988,"Beaches, Historical",Male,1,0,4.0,3.0,1.0,1.0,1.0,1.0,1.0,1.0
989,"Nature, Adventure",Male,2,1,3.0,1.0,3.0,1.0,1.0,1.0,1.0,1.0
990,"City, Historical",Female,2,2,1.0,3.0,1.0,1.0,1.0,1.0,1.0,1.0
991,"Beaches, Historical",Female,1,1,4.0,3.0,1.0,1.0,1.0,1.0,1.0,1.0
992,"Nature, Adventure",Male,1,2,3.0,1.0,3.0,1.0,1.0,1.0,1.0,1.0
993,"City, Historical",Male,1,2,1.0,3.0,1.0,1.0,1.0,1.0,1.0,1.0
994,"Beaches, Historical",Male,1,2,4.0,3.0,1.0,1.0,1.0,1.0,1.0,1.0
995,"Nature, Adventure",Male,1,0,3.0,1.0,3.0,1.0,1.0,1.0,1.0,1.0
996,"City, Historical",Male,1,1,1.0,3.0,1.0,1.0,1.0,1.0,1.0,1.0
997,"Beaches, Historical",Male,1,2,4.0,3.0,1.0,1.0,1.0,1.0,1.0,1.0
998,"Nature, Adventure",Male,1,1,3.0,1.0,3.0,1.0,1.0,1.0,1.0,1.0
999,"City, Historical",Male,2,2,1.0,3.0,1.0,1.0,1.0,1.0,1.0,1.0
