UserID,Preferences,Gender,NumberOfAdults,NumberOfChildren,Nature_Interest,Culture_Interest,Food_Interest,Wellness_Interest,Entertainment_Interest,Shopping_Interest,Family_Interest,Cluster,Guest_Segment
1,"Beaches, Historical",Female,1,0,4.0,3.0,1.0,1.0,1.0,1.0,1.0,0,Nature & Wellness Explorer
2,"Nature, Adventure",Male,2,2,3.0,1.0,1.0,1.0,1.0,1.0,1.0,0,Nature & Wellness Explorer
3,"City, Historical",Female,2,0,1.0,3.0,1.0,1.0,1.0,1.0,1.0,0,Nature & Wellness Explorer
4,"Beaches, Historical",Female,1,0,4.0,3.0,1.0,1.0,1.0,1.0,1.0,0,Nature & Wellness Explorer
5,"Nature, Adventure",Female,2,2,3.0,1.0,1.0,1.0,1.0,1.0,1.0,0,Nature & Wellness Explorer
6,"City, Historical",Male,2,0,1.0,3.0,1.0,1.0,1.0,1.0,1.0,0,Nature & Wellness Explorer
7,"Beaches, Historical",Male,2,1,4.0,3.0,1.0,1.0,1.0,1.0,1.0,0,Nature & Wellness Explorer
8,"Nature, Adventure",Male,2,2,3.0,1.0,1.0,1.0,1.0,1.0,1.0,0,Nature & Wellness Explorer
9,"City, Historical",Female,2,0,1.0,3.0,1.0,1.0,1.0,1.0,1.0,0,Nature & Wellness Explorer
10,"Beaches, Historical",Male,2,2,4.0,3.0,1.0,1.0,1.0,1.0,1.0,0,Nature & Wellness Explorer
11,"Nature, Adventure",Male,2,2,3.0,1.0,1.0,1.0,1.0,1.0,1.0,0,Nature & Wellness Explorer
12,"City, Historical",Female,1,1,1.0,3.0,1.0,1.0,1.0,1.0,1.0,0,Nature & Wellness Explorer
13,"Beaches, Historical",Male,1,2,4.0,3.0,1.0,1.0,1.0,1.0,1.0,0,Nature & Wellness Explorer
14,"Nature, Adventure",Female,2,2,3.0,1.0,1.0,1.0,1.0,1.0,1.0,0,Nature & Wellness Explorer
15,"City, Historical",Male,1,2,1.0,3.0,1.0,1.0,1.0,1.0,1.0,0,Nature & Wellness Explorer
16,"Beaches, Historical",Female,1,2,4.0,3.0,1.0,1.0,1.0,1.0,1.0,0,Nature & Wellness Explorer
17,"Nature, Adventure",Female,1,2,3.0,1.0,1.0,1.0,1.0,1.0,1.0,0,Nature & Wellness Explorer
18,"City, Historical",Male,1,0,1.0,3.0,1.0,1.0,1.0,1.0,1.0,0,Nature & Wellness Explorer
19,"Beaches, Historical",Female,1,2,4.0,3.0,1.0,1.0,1.0,1.0,1.0,0,Nature & Wellness Explorer
20,"Nature, Adventure",Female,2,0,3.0,1.0,1.0,1.0,1.0,1.0,1.0,0,Nature & Wellness Explorer
21,"City, Historical",Male,1,0,1.0,3.0,1.0,1.0,1.0,1.0,1.0,0,Nature & Wellness Explorer
22,"Beaches, Historical",Male,2,1,4.0,3.0,1.0,1.0,1.0,1.0,1.0,0,Nature & Wellness Explorer
23,"Nature, Adventure",Male,2,1,3.0,1.0,1.0,1.0,1.0,1.0,1.0,0,Nature & Wellness Explorer
24,"City, Historical",Male,1,2,1.0,3.0,1.0,1.0,1.0,1.0,1.0,0,Nature & Wellness Explorer
25,"Beaches, Historical",Female,1,1,4.0,3.0,1.0,1.0,1.0,1.0,1.0,0,Nature & Wellness Explorer
26,"Nature, Adventure",Male,2,0,3.0,1.0,1.0,1.0,1.0,1.0,1.0,0,Nature & Wellness Explorer
27,"City, Historical",Female,2,2,1.0,3.0,1.0,1.0,1.0,1.0,1.0,0,Nature & Wellness Explorer
28,"Beaches, Historical",Female,2,1,4.0,3.0,1.0,1.0,1.0,1.0,1.0,0,Nature & Wellness Explorer
29,"Nature, Adventure",Female,2,0,3.0,1.0,1.0,1.0,1.0,1.0,1.0,0,Nature & Wellness Explorer
30,"City, Historical",Female,1,1,1.0,3.0,1.0,1.0,1.0,1.0,1.0,0,Nature & Wellness Explorer
31,"Beaches, Historical",Male,2,2,4.0,3.0,1.0,1.0,1.0,1.0,1.0,0,Nature & Wellness Explorer
32,"Nature, Adventure",Female,1,1,3.0,1.0,1.0,1.0,1.0,1.0,1.0,0,Nature & Wellness Explorer
33,"City, Historical",Male,2,2,1.0,3.0,1.0,1.0,1.0,1.0,1.0,0,Nature & Wellness Explorer
34,"Beaches, Historical",Female,1,2,4.0,3.0,1.0,1.0,1.0,1.0,1.0,0,Nature & Wellness Explorer
35,"Nature, Adventure",Male,2,1,3.0,1.0,1.0,1.0,1.0,1.0,1.0,0,Nature & Wellness Explorer
36,"City, Historical",Male,2,2,1.0,3.0,1.0,1.0,1.0,1.0,1.0,0,Nature & Wellness Explorer
37,"Beaches, Historical",Male,1,2,4.0,3.0,1.0,1.0,1.0,1.0,1.0,0,Nature & Wellness Explorer
38,"Nature, Adventure",Female,2,2,3.0,1.0,1.0,1.0,1.0,1.0,1.0,0,Nature & Wellness Explorer
39,"City, Historical",Male,2,2,1.0,3.0,1.0,1.0,1.0,1.0,1.0,0,Nature & Wellness Explorer
40,"Beaches, Historical",Male,1,1,4.0,3.0,1.0,1.0,1.0,1.0,1.0,0,Nature & Wellness Explorer
41,"Nature, Adventure",Male,1,2,3.0,1.0,1.0,1.0,1.0,1.0,1.0,0,Nature & Wellness Explorer
42,"City, Historical",Female,2,2,1.0,3.0,1.0,1.0,1.0,1.0,1.0,0,Nature & Wellness Explorer
43,"Beaches, Historical",Female,1,2,4.0,3.0,1.0,1.0,1.0,1.0,1.0,0,Nature & Wellness Explorer
44,"Nature, Adventure",Male,2,2,3.0,1.0,1.0,1.0,1.0,1.0,1.0,0,Nature & Wellness Explorer
45,"City, Historical",Female,2,0,1.0,3.0,1.0,1.0,1.0,1.0,1.0,0,Nature & Wellness Explorer
46,"Beaches, Historical",Female,2,1,4.0,3.0,1.0,1.0,1.0,1.0,1.0,0,Nature & Wellness Explorer
47,"Nature, Adventure",Female,2,1,3.0,1.0,1.0,1.0,1.0,1.0,1.0,0,Nature & Wellness Explorer
48,"City, Historical",Male,2,0,1.0,3.0,1.0,1.0,1.0,1.0,1.0,0,Nature & Wellness Explorer
49,"Beaches, Historical",Male,1,1,4.0,3.0,1.0,1.0,1.0,1.0,1.0,0,Nature & Wellness Explorer
50,"Nature, Adventure",Female,2,0,3.0,1.0,1.0,1.0,1.0,1.0,1.0,0,Nature & Wellness Explorer
51,"City, Historical",Male,1,1,1.0,3.0,1.0,1.0,1.0,1.0,1.0,0,Nature & Wellness Explorer
52,"Beaches, Historical",Female,2,1,4.0,3.0,1.0,1.0,1.0,1.0,1.0,0,Nature & Wellness Explorer
53,"Nature, Adventure",Male,2,2,3.0,1.0,1.0,1.0,1.0,1.0,1.0,0,Nature & Wellness Explorer
54,"City, Historical",Male,2,0,1.0,3.0,1.0,1.0,1.0,1.0,1.0,0,Nature & Wellness Explorer
55,"Beaches, Historical",Female,2,0,4.0,3.0,1.0,1.0,1.0,1.0,1.0,0,Nature & Wellness Explorer
56,"Nature, Adventure",Male,1,1,3.0,1.0,1.0,1.0,1.0,1.0,1.0,0,Nature & Wellness Explorer
57,"City, Historical",Male,2,0,1.0,3.0,1.0,1.0,1.0,1.0,1.0,0,Nature & Wellness Explorer
58,"Beaches, Historical",Male,1,2,4.0,3.0,1.0,1.0,1.0,1.0,1.0,0,Nature & Wellness Explorer
59,"Nature, Adventure",Male,1,1,3.0,1.0,1.0,1.0,1.0,1.0,1.0,0,Nature & Wellness Explorer
60,"City, Historical",Male,2,1,1.0,3.0,1.0,1.0,1.0,1.0,1.0,0,Nature & Wellness Explorer
61,"Beaches, Historical",Male,2,2,4.0,3.0,1.0,1.0,1.0,1.0,1.0,0,Nature & Wellness Explorer
62,"Nature, Adventure",Male,1,0,3.0,1.0,1.0,1.0,1.0,1.0,1.0,0,Nature & Wellness Explorer
63,"City, Historical",Male,2,0,1.0,3.0,1.0,1.0,1.0,1.0,1.0,0,Nature & Wellness Explorer
64,"Beaches, Historical",Male,1,1,4.0,3.0,1.0,1.0,1.0,1.0,1.0,0,Nature & Wellness Explorer
65,"Nature, Adventure",Female,2,1,3.0,1.0,1.0,1.0,1.0,1.0,1.0,0,Nature & Wellness Explorer
66,"City, Historical",Male,1,2,1.0,3.0,1.0,1.0,1.0,1.0,1.0,0,Nature & Wellness Explorer
67,"Beaches, Historical",Female,1,0,4.0,3.0,1.0,1.0,1.0,1.0,1.0,0,Nature & Wellness Explorer
68,"Nature, Adventure",Male,1,0,3.0,1.0,1.0,1.0,1.0,1.0,1.0,0,Nature & Wellness Explorer
69,"City, Historical",Male,1,0,1.0,3.0,1.0,1.0,1.0,1.0,1.0,0,Nature & Wellness Explorer
70,"Beaches, Historical",Male,1,2,4.0,3.0,1.0,1.0,1.0,1.0,1.0,0,Nature & Wellness Explorer
71,"Nature, Adventure",Female,2,2,3.0,1.0,1.0,1.0,1.0,1.0,1.0,0,Nature & Wellness Explorer
72,"City, Historical",Male,2,1,1.0,3.0,1.0,1.0,1.0,1.0,1.0,0,Nature & Wellness Explorer
73,"Beaches, Historical",Female,1,1,4.0,3.0,1.0,1.0,1.0,1.0,1.0,0,Nature & Wellness Explorer
74,"Nature, Adventure",Male,1,1,3.0,1.0,1.0,1.0,1.0,1.0,1.0,0,Nature & Wellness Explorer
75,"City, Historical",Male,1,1,1.0,3.0,1.0,1.0,1.0,1.0,1.0,0,Nature & Wellness Explorer
76,"Beaches, Historical",Female,2,0,4.0,3.0,1.0,1.0,1.0,1.0,1.0,0,Nature & Wellness Explorer
77,"Nature, Adventure",Male,2,0,3.0,1.0,1.0,1.0,1.0,1.0,1.0,0,Nature & Wellness Explorer
78,"City, Historical",Male,1,0,1.0,3.0,1.0,1.0,1.0,1.0,1.0,0,Nature & Wellness Explorer
79,"Beaches, Historical",Male,2,0,4.0,3.0,1.0,1.0,1.0,1.0,1.0,0,Nature & Wellness Explorer
80,"Nature, Adventure",Female,1,2,3.0,1.0,1.0,1.0,1.0,1.0,1.0,0,Nature & Wellness Explorer
81,"City, Historical",Female,1,2,1.0,3.0,1.0,1.0,1.0,1.0,1.0,0,Nature & Wellness Explorer
82,"Beaches, Historical",Male,2,0,4.0,3.0,1.0,1.0,1.0,1.0,1.0,0,Nature & Wellness Explorer
83,"Nature, Adventure",Female,1,1,3.0,1.0,1.0,1.0,1.0,1.0,1.0,0,Nature & Wellness Explorer
84,"City, Historical",Female,2,0,1.0,3.0,1.0,1.0,1.0,1.0,1.0,0,Nature & Wellness Explorer
85,"Beaches, Historical",Female,2,1,4.0,3.0,1.0,1.0,1.0,1.0,1.0,0,Nature & Wellness Explorer
86,"Nature, Adventure",Male,2,2,3.0,1.0,1.0,1.0,1.0,1.0,1.0,0,Nature & Wellness Explorer
87,"City, Historical",Male,2,2,1.0,3.0,1.0,1.0,1.0,1.0,1.0,0,Nature & Wellness Explorer
88,"Beaches, Historical",Male,2,1,4.0,3.0,1.0,1.0,1.0,1.0,1.0,0,Nature & Wellness Explorer
89,"Nature, Adventure",Male,2,0,3.0,1.0,1.0,1.0,1.0,1.0,1.0,0,Nature & Wellness Explorer
90,"City, Historical",Female,1,0,1.0,3.0,1.0,1.0,1.0,1.0,1.0,0,Nature & Wellness Explorer
91,"Beaches, Historical",Male,2,1,4.0,3.0,1.0,1.0,1.0,1.0,1.0,0,Nature & Wellness Explorer
92,"Nature, Adventure",Female,2,0,3.0,1.0,1.0,1.0,1.0,1.0,1.0,0,Nature & Wellness Explorer
93,"City, Historical",Female,1,0,1.0,3.0,1.0,1.0,1.0,1.0,1.0,0,Nature & Wellness Explorer
94,"Beaches, Historical",Male,1,2,4.0,3.0,1.0,1.0,1.0,1.0,1.0,0,Nature & Wellness Explorer
95,"Nature, Adventure",Female,2,1,3.0,1.0,1.0,1.0,1.0,1.0,1.0,0,Nature & Wellness Explorer
96,"City, Historical",Male,1,0,1.0,3.0,1.0,1.0,1.0,1.0,1.0,0,Nature & Wellness Explorer
97,"Beaches, Historical",Male,1,2,4.0,3.0,1.0,1.0,1.0,1.0,1.0,0,Nature & Wellness Explorer
98,"Nature, Adventure",Male,2,0,3.0,1.0,1.0,1.0,1.0,1.0,1.0,0,Nature & Wellness Explorer
99,"City, Historical",Male,2,0,1.0,3.0,1.0,1.0,1.0,1.0,1.0,0,Nature & Wellness Explorer
100,"Beaches, Historical",Female,1,1,4.0,3.0,1.0,1.0,1.0,1.0,1.0,0,Nature & Wellness Explorer
101,"Nature, Adventure",Female,2,0,3.0,1.0,1.0,1.0,1.0,1.0,1.0,0,Nature & Wellness Explorer
102,"City, Historical",Female,1,2,1.0,3.0,1.0,1.0,1.0,1.0,1.0,0,Nature & Wellness Explorer
103,"Beaches, Historical",Female,1,0,4.0,3.0,1.0,1.0,1.0,1.0,1.0,0,Nature & Wellness Explorer
104,"Nature, Adventure",Male,2,1,3.0,1.0,1.0,1.0,1.0,1.0,1.0,0,Nature & Wellness Explorer
105,"City, Historical",Male,1,0,1.0,3.0,1.0,1.0,1.0,1.0,1.0,0,Nature & Wellness Explorer
106,"Beaches, Historical",Male,1,0,4.0,3.0,1.0,1.0,1.0,1.0,1.0,0,Nature & Wellness Explorer
107,"Nature, Adventure",Female,1,1,3.0,1.0,1.0,1.0,1.0,1.0,1.0,0,Nature & Wellness Explorer
108,"City, Historical",Male,2,0,1.0,3.0,1.0,1.0,1.0,1.0,1.0,0,Nature & Wellness Explorer
109,"Beaches, Historical",Female,2,0,4.0,3.0,1.0,1.0,1.0,1.0,1.0,0,Nature & Wellness Explorer
110,"Nature, Adventure",Female,1,1,3.0,1.0,1.0,1.0,1.0,1.0,1.0,0,Nature & Wellness Explorer
111,"City, Historical",Male,2,0,1.0,3.0,1.0,1.0,1.0,1.0,1.0,0,Nature & Wellness Explorer
112,"Beaches, Historical",Male,1,2,4.0,3.0,1.0,1.0,1.0,1.0,1.0,0,Nature & Wellness Explorer
113,"Nature, Adventure",Male,1,0,3.0,1.0,1.0,1.0,1.0,1.0,1.0,0,Nature & Wellness Explorer
114,"City, Historical",Male,1,0,1.0,3.0,1.0,1.0,1.0,1.0,1.0,0,Nature & Wellness Explorer
115,"Beaches, Historical",Female,1,1,4.0,3.0,1.0,1.0,1.0,1.0,1.0,0,Nature & Wellness Explorer
116,"Nature, Adventure",Male,1,1,3.0,1.0,1.0,1.0,1.0,1.0,1.0,0,Nature & Wellness Explorer
117,"City, Historical",Male,2,1,1.0,3.0,1.0,1.0,1.0,1.0,1.0,0,Nature & Wellness Explorer
118,"Beaches, Historical",Male,1,1,4.0,3.0,1.0,1.0,1.0,1.0,1.0,0,Nature & Wellness Explorer
119,"Nature, Adventure",Male,2,0,3.0,1.0,1.0,1.0,1.0,1.0,1.0,0,Nature & Wellness Explorer
120,"City, Historical",Male,1,2,1.0,3.0,1.0,1.0,1.0,1.0,1.0,0,Nature & Wellness Explorer
121,"Beaches, Historical",Female,2,2,4.0,3.0,1.0,1.0,1.0,1.0,1.0,0,Nature & Wellness Explorer
122,"Nature, Adventure",Male,2,2,3.0,1.0,1.0,1.0,1.0,1.0,1.0,0,Nature & Wellness Explorer
123,"City, Historical",Female,2,1,1.0,3.0,1.0,1.0,1.0,1.0,1.0,0,Nature & Wellness Explorer
124,"Beaches, Historical",Male,2,0,4.0,3.0,1.0,1.0,1.0,1.0,1.0,0,Nature & Wellness Explorer
125,"Nature, Adventure",Female,2,0,3.0,1.0,1.0,1.0,1.0,1.0,1.0,0,Nature & Wellness Explorer
126,"City, Historical",Female,1,0,1.0,3.0,1.0,1.0,1.0,1.0,1.0,0,Nature & Wellness Explorer
127,"Beaches, Historical",Female,2,2,4.0,3.0,1.0,1.0,1.0,1.0,1.0,0,Nature & Wellness Explorer
128,"Nature, Adventure",Male,2,2,3.0,1.0,1.0,1.0,1.0,1.0,1.0,0,Nature & Wellness Explorer
129,"City, Historical",Male,2,1,1.0,3.0,1.0,1.0,1.0,1.0,1.0,0,Nature & Wellness Explorer
130,"Beaches, Historical",Male,2,2,4.0,3.0,1.0,1.0,1.0,1.0,1.0,0,Nature & Wellness Explorer
131,"Nature, Adventure",Female,1,2,3.0,1.0,1.0,1.0,1.0,1.0,1.0,0,Nature & Wellness Explorer
132,"City, Historical",Female,2,2,1.0,3.0,1.0,1.0,1.0,1.0,1.0,0,Nature & Wellness Explorer
133,"Beaches, Historical",Male,2,2,4.0,3.0,1.0,1.0,1.0,1.0,1.0,0,Nature & Wellness Explorer
134,"Nature, Adventure",Female,1,0,3.0,1.0,1.0,1.0,1.0,1.0,1.0,0,Nature & Wellness Explorer
135,"City, Historical",Female,1,2,1.0,3.0,1.0,1.0,1.0,1.0,1.0,0,Nature & Wellness Explorer
136,"Beaches, Historical",Male,2,2,4.0,3.0,1.0,1.0,1.0,1.0,1.0,0,Nature & Wellness Explorer
137,"Nature, Adventure",Female,1,2,3.0,1.0,1.0,1.0,1.0,1.0,1.0,0,Nature & Wellness Explorer
138,"City, Historical",Female,1,2,1.0,3.0,1.0,1.0,1.0,1.0,1.0,0,Nature & Wellness Explorer
139,"Beaches, Historical",Male,1,2,4.0,3.0,1.0,1.0,1.0,1.0,1.0,0,Nature & Wellness Explorer
140,"Nature, Adventure",Female,1,2,3.0,1.0,1.0,1.0,1.0,1.0,1.0,0,Nature & Wellness Explorer
141,"City, Historical",Female,2,1,1.0,3.0,1.0,1.0,1.0,1.0,1.0,0,Nature & Wellness Explorer
142,"Beaches, Historical",Male,2,1,4.0,3.0,1.0,1.0,1.0,1.0,1.0,0,Nature & Wellness Explorer
143,"Nature, Adventure",Male,1,0,3.0,1.0,1.0,1.0,1.0,1.0,1.0,0,Nature & Wellness Explorer
144,"City, Historical",Female,1,1,1.0,3.0,1.0,1.0,1.0,1.0,1.0,0,Nature & Wellness Explorer
145,"Beaches, Historical",Male,2,0,4.0,3.0,1.0,1.0,1.0,1.0,1.0,0,Nature & Wellness Explorer
146,"Nature, Adventure",Female,1,1,3.0,1.0,1.0,1.0,1.0,1.0,1.0,0,Nature & Wellness Explorer
147,"City, Historical",Female,2,1,1.0,3.0,1.0,1.0,1.0,1.0,1.0,0,Nature & Wellness Explorer
148,"Beaches, Historical",Male,2,1,4.0,3.0,1.0,1.0,1.0,1.0,1.0,0,Nature & Wellness Explorer
149,"Nature, Adventure",Male,2,0,3.0,1.0,1.0,1.0,1.0,1.0,1.0,0,Nature & Wellness Explorer
150,"City, Historical",Male,2,0,1.0,3.0,1.0,1.0,1.0,1.0,1.0,0,Nature & Wellness Explorer
151,"Beaches, Historical",Female,1,1,4.0,3.0,1.0,1.0,1.0,1.0,1.0,0,Nature & Wellness Explorer
152,"Nature, Adventure",Male,1,1,3.0,1.0,1.0,1.0,1.0,1.0,1.0,0,Nature & Wellness Explorer
153,"City, Historical",Female,1,0,1.0,3.0,1.0,1.0,1.0,1.0,1.0,0,Nature & Wellness Explorer
154,"Beaches, Historical",Female,2,0,4.0,3.0,1.0,1.0,1.0,1.0,1.0,0,Nature & Wellness Explorer
155,"Nature, Adventure",Male,1,1,3.0,1.0,1.0,1.0,1.0,1.0,1.0,0,Nature & Wellness Explorer
156,"City, Historical",Female,2,1,1.0,3.0,1.0,1.0,1.0,1.0,1.0,0,Nature & Wellness Explorer
157,"Beaches, Historical",Female,2,1,4.0,3.0,1.0,1.0,1.0,1.0,1.0,0,Nature & Wellness Explorer
158,"Nature, Adventure",Male,2,1,3.0,1.0,1.0,1.0,1.0,1.0,1.0,0,Nature & Wellness Explorer
159,"City, Historical",Male,1,0,1.0,3.0,1.0,1.0,1.0,1.0,1.0,0,Nature & Wellness Explorer
160,"Beaches, Historical",Female,2,2,4.0,3.0,1.0,1.0,1.0,1.0,1.0,0,Nature & Wellness Explorer
161,"Nature, Adventure",Female,1,0,3.0,1.0,1.0,1.0,1.0,1.0,1.0,0,Nature & Wellness Explorer
162,"City, Historical",Male,1,0,1.0,3.0,1.0,1.0,1.0,1.0,1.0,0,Nature & Wellness Explorer
163,"Beaches, Historical",Female,2,2,4.0,3.0,1.0,1.0,1.0,1.0,1.0,0,Nature & Wellness Explorer
164,"Nature, Adventure",Male,1,2,3.0,1.0,1.0,1.0,1.0,1.0,1.0,0,Nature & Wellness Explorer
165,"City, Historical",Male,2,0,1.0,3.0,1.0,1.0,1.0,1.0,1.0,0,Nature & Wellness Explorer
166,"Beaches, Historical",Male,2,0,4.0,3.0,1.0,1.0,1.0,1.0,1.0,0,Nature & Wellness Explorer
167,"Nature, Adventure",Male,1,2,3.0,1.0,1.0,1.0,1.0,1.0,1.0,0,Nature & Wellness Explorer
168,"City, Historical",Female,1,2,1.0,3.0,1.0,1.0,1.0,1.0,1.0,0,Nature & Wellness Explorer
169,"Beaches, Historical",Female,2,2,4.0,3.0,1.0,1.0,1.0,1.0,1.0,0,Nature & Wellness Explorer
170,"Nature, Adventure",Female,1,0,3.0,1.0,1.0,1.0,1.0,1.0,1.0,0,Nature & Wellness Explorer
171,"City, Historical",Male,2,1,1.0,3.0,1.0,1.0,1.0,1.0,1.0,0,Nature & Wellness Explorer
172,"Beaches, Historical",Male,1,2,4.0,3.0,1.0,1.0,1.0,1.0,1.0,0,Nature & Wellness Explorer
173,"Nature, Adventure",Male,2,1,3.0,1.0,1.0,1.0,1.0,1.0,1.0,0,Nature & Wellness Explorer
174,"City, Historical",Male,1,1,1.0,3.0,1.0,1.0,1.0,1.0,1.0,0,Nature & Wellness Explorer
175,"Beaches, Historical",Male,2,0,4.0,3.0,1.0,1.0,1.0,1.0,1.0,0,Nature & Wellness Explorer
176,"Nature, Adventure",Male,1,0,3.0,1.0,1.0,1.0,1.0,1.0,1.0,0,Nature & Wellness Explorer
177,"City, Historical",Male,2,1,1.0,3.0,1.0,1.0,1.0,1.0,1.0,0,Nature & Wellness Explorer
178,"Beaches, Historical",Female,1,0,4.0,3.0,1.0,1.0,1.0,1.0,1.0,0,Nature & Wellness Explorer
179,"Nature, Adventure",Male,1,2,3.0,1.0,1.0,1.0,1.0,1.0,1.0,0,Nature & Wellness Explorer
180,"City, Historical",Female,1,2,1.0,3.0,1.0,1.0,1.0,1.0,1.0,0,Nature & Wellness Explorer
181,"Beaches, Historical",Male,2,1,4.0,3.0,1.0,1.0,1.0,1.0,1.0,0,Nature & Wellness Explorer
182,"Nature, Adventure",Male,1,1,3.0,1.0,1.0,1.0,1.0,1.0,1.0,0,Nature & Wellness Explorer
183,"City, Historical",Male,2,2,1.0,3.0,1.0,1.0,1.0,1.0,1.0,0,Nature & Wellness Explorer
184,"Beaches, Historical",Male,1,2,4.0,3.0,1.0,1.0,1.0,1.0,1.0,0,Nature & Wellness Explorer
185,"Nature, Adventure",Female,2,1,3.0,1.0,1.0,1.0,1.0,1.0,1.0,0,Nature & Wellness Explorer
186,"City, Historical",Male,1,2,1.0,3.0,1.0,1.0,1.0,1.0,1.0,0,Nature & Wellness Explorer
187,"Beaches, Historical",Female,1,0,4.0,3.0,1.0,1.0,1.0,1.0,1.0,0,Nature & Wellness Explorer
188,"Nature, Adventure",Female,1,0,3.0,1.0,1.0,1.0,1.0,1.0,1.0,0,Nature & Wellness Explorer
189,"City, Historical",Female,1,1,1.0,3.0,1.0,1.0,1.0,1.0,1.0,0,Nature & Wellness Explorer
190,"Beaches, Historical",Female,1,0,4.0,3.0,1.0,1.0,1.0,1.0,1.0,0,Nature & Wellness Explorer
191,"Nature, Adventure",Male,2,1,3.0,1.0,1.0,1.0,1.0,1.0,1.0,0,Nature & Wellness Explorer
192,"City, Historical",Male,1,0,1.0,3.0,1.0,1.0,1.0,1.0,1.0,0,Nature & Wellness Explorer
193,"Beaches, Historical",Female,1,0,4.0,3.0,1.0,1.0,1.0,1.0,1.0,0,Nature & Wellness Explorer
194,"Nature, Adventure",Female,2,1,3.0,1.0,1.0,1.0,1.0,1.0,1.0,0,Nature & Wellness Explorer
195,"City, Historical",Male,1,2,1.0,3.0,1.0,1.0,1.0,1.0,1.0,0,Nature & Wellness Explorer
196,"Beaches, Historical",Male,1,1,4.0,3.0,1.0,1.0,1.0,1.0,1.0,0,Nature & Wellness Explorer
197,"Nature, Adventure",Female,1,1,3.0,1.0,1.0,1.0,1.0,1.0,1.0,0,Nature & Wellness Explorer
198,"City, Historical",Male,2,2,1.0,3.0,1.0,1.0,1.0,1.0,1.0,0,Nature & Wellness Explorer
199,"Beaches, Historical",Male,1,0,4.0,3.0,1.0,1.0,1.0,1.0,1.0,0,Nature & Wellness Explorer
200,"Nature, Adventure",Male,1,1,3.0,1.0,1.0,1.0,1.0,1.0,1.0,0,Nature & Wellness Explorer
201,"City, Historical",Male,2,1,1.0,3.0,1.0,1.0,1.0,1.0,1.0,0,Nature & Wellness Explorer
202,"Beaches, Historical",Male,1,1,4.0,3.0,1.0,1.0,1.0,1.0,1.0,0,Nature & Wellness Explorer
203,"Nature, Adventure",Female,2,0,3.0,1.0,1.0,1.0,1.0,1.0,1.0,0,Nature & Wellness Explorer
204,"City, Historical",Male,1,0,1.0,3.0,1.0,1.0,1.0,1.0,1.0,0,Nature & Wellness Explorer
205,"Beaches, Historical",Female,1,2,4.0,3.0,1.0,1.0,1.0,1.0,1.0,0,Nature & Wellness Explorer
206,"Nature, Adventure",Female,2,1,3.0,1.0,1.0,1.0,1.0,1.0,1.0,0,Nature & Wellness Explorer
207,"City, Historical",Male,2,2,1.0,3.0,1.0,1.0,1.0,1.0,1.0,0,Nature & Wellness Explorer
208,"Beaches, Historical",Male,1,2,4.0,3.0,1.0,1.0,1.0,1.0,1.0,0,Nature & Wellness Explorer
209,"Nature, Adventure",Male,1,1,3.0,1.0,1.0,1.0,1.0,1.0,1.0,0,Nature & Wellness Explorer
210,"City, Historical",Male,1,1,1.0,3.0,1.0,1.0,1.0,1.0,1.0,0,Nature & Wellness Explorer
211,"Beaches, Historical",Female,2,2,4.0,3.0,1.0,1.0,1.0,1.0,1.0,0,Nature & Wellness Explorer
212,"Nature, Adventure",Female,2,0,3.0,1.0,1.0,1.0,1.0,1.0,1.0,0,Nature & Wellness Explorer
213,"City, Historical",Male,1,2,1.0,3.0,1.0,1.0,1.0,1.0,1.0,0,Nature & Wellness Explorer
214,"Beaches, Historical",Male,1,0,4.0,3.0,1.0,1.0,1.0,1.0,1.0,0,Nature & Wellness Explorer
215,"Nature, Adventure",Female,1,0,3.0,1.0,1.0,1.0,1.0,1.0,1.0,0,Nature & Wellness Explorer
216,"City, Historical",Female,1,2,1.0,3.0,1.0,1.0,1.0,1.0,1.0,0,Nature & Wellness Explorer
217,"Beaches, Historical",Male,1,1,4.0,3.0,1.0,1.0,1.0,1.0,1.0,0,Nature & Wellness Explorer
218,"Nature, Adventure",Female,2,2,3.0,1.0,1.0,1.0,1.0,1.0,1.0,0,Nature & Wellness Explorer
219,"City, Historical",Female,1,2,1.0,3.0,1.0,1.0,1.0,1.0,1.0,0,Nature & Wellness Explorer
220,"Beaches, Historical",Female,2,0,4.0,3.0,1.0,1.0,1.0,1.0,1.0,0,Nature & Wellness Explorer
221,"Nature, Adventure",Male,1,2,3.0,1.0,1.0,1.0,1.0,1.0,1.0,0,Nature & Wellness Explorer
222,"City, Historical",Male,1,1,1.0,3.0,1.0,1.0,1.0,1.0,1.0,0,Nature & Wellness Explorer
223,"Beaches, Historical",Female,1,2,4.0,3.0,1.0,1.0,1.0,1.0,1.0,0,Nature & Wellness Explorer
224,"Nature, Adventure",Male,2,2,3.0,1.0,1.0,1.0,1.0,1.0,1.0,0,Nature & Wellness Explorer
225,"City, Historical",Female,2,0,1.0,3.0,1.0,1.0,1.0,1.0,1.0,0,Nature & Wellness Explorer
226,"Beaches, Historical",Female,2,1,4.0,3.0,1.0,1.0,1.0,1.0,1.0,0,Nature & Wellness Explorer
227,"Nature, Adventure",Male,1,1,3.0,1.0,1.0,1.0,1.0,1.0,1.0,0,Nature & Wellness Explorer
228,"City, Historical",Female,1,0,1.0,3.0,1.0,1.0,1.0,1.0,1.0,0,Nature & Wellness Explorer
229,"Beaches, Historical",Male,2,1,4.0,3.0,1.0,1.0,1.0,1.0,1.0,0,Nature & Wellness Explorer
230,"Nature, Adventure",Female,2,1,3.0,1.0,1.0,1.0,1.0,1.0,1.0,0,Nature & Wellness Explorer
231,"City, Historical",Female,2,2,1.0,3.0,1.0,1.0,1.0,1.0,1.0,0,Nature & Wellness Explorer
232,"Beaches, Historical",Male,2,0,4.0,3.0,1.0,1.0,1.0,1.0,1.0,0,Nature & Wellness Explorer
233,"Nature, Adventure",Male,1,1,3.0,1.0,1.0,1.0,1.0,1.0,1.0,0,Nature & Wellness Explorer
234,"City, Historical",Male,1,0,1.0,3.0,1.0,1.0,1.0,1.0,1.0,0,Nature & Wellness Explorer
235,"Beaches, Historical",Male,1,2,4.0,3.0,1.0,1.0,1.0,1.0,1.0,0,Nature & Wellness Explorer
236,"Nature, Adventure",Male,2,1,3.0,1.0,1.0,1.0,1.0,1.0,1.0,0,Nature & Wellness Explorer
237,"City, Historical",Female,2,0,1.0,3.0,1.0,1.0,1.0,1.0,1.0,0,Nature & Wellness Explorer
238,"Beaches, Historical",Female,1,1,4.0,3.0,1.0,1.0,1.0,1.0,1.0,0,Nature & Wellness Explorer
239,"Nature, Adventure",Male,2,0,3.0,1.0,1.0,1.0,1.0,1.0,1.0,0,Nature & Wellness Explorer
240,"City, Historical",Female,1,2,1.0,3.0,1.0,1.0,1.0,1.0,1.0,0,Nature & Wellness Explorer
241,"Beaches, Historical",Female,1,2,4.0,3.0,1.0,1.0,1.0,1.0,1.0,0,Nature & Wellness Explorer
242,"Nature, Adventure",Female,2,1,3.0,1.0,1.0,1.0,1.0,1.0,1.0,0,Nature & Wellness Explorer
243,"City, Historical",Female,1,1,1.0,3.0,1.0,1.0,1.0,1.0,1.0,0,Nature & Wellness Explorer
244,"Beaches, Historical",Male,2,0,4.0,3.0,1.0,1.0,1.0,1.0,1.0,0,Nature & Wellness Explorer
245,"Nature, Adventure",Male,2,1,3.0,1.0,1.0,1.0,1.0,1.0,1.0,0,Nature & Wellness Explorer
246,"City, Historical",Female,2,2,1.0,3.0,1.0,1.0,1.0,1.0,1.0,0,Nature & Wellness Explorer
247,"Beaches, Historical",Female,2,2,4.0,3.0,1.0,1.0,1.0,1.0,1.0,0,Nature & Wellness Explorer
248,"Nature, Adventure",Female,1,2,3.0,1.0,1.0,1.0,1.0,1.0,1.0,0,Nature & Wellness Explorer
249,"City, Historical",Male,1,1,1.0,3.0,1.0,1.0,1.0,1.0,1.0,0,Nature & Wellness Explorer
250,"Beaches, Historical",Male,1,0,4.0,3.0,1.0,1.0,1.0,1.0,1.0,0,Nature & Wellness Explorer
251,"Nature, Adventure",Female,2,2,3.0,1.0,1.0,1.0,1.0,1.0,1.0,0,Nature & Wellness Explorer
252,"City, Historical",Male,2,2,1.0,3.0,1.0,1.0,1.0,1.0,1.0,0,Nature & Wellness Explorer
253,"Beaches, Historical",Male,2,1,4.0,3.0,1.0,1.0,1.0,1.0,1.0,0,Nature & Wellness Explorer
254,"Nature, Adventure",Female,1,1,3.0,1.0,1.0,1.0,1.0,1.0,1.0,0,Nature & Wellness Explorer
255,"City, Historical",Female,2,1,1.0,3.0,1.0,1.0,1.0,1.0,1.0,0,Nature & Wellness Explorer
256,"Beaches, Historical",Male,2,1,4.0,3.0,1.0,1.0,1.0,1.0,1.0,0,Nature & Wellness Explorer
257,"Nature, Adventure",Female,2,0,3.0,1.0,1.0,1.0,1.0,1.0,1.0,0,Nature & Wellness Explorer
258,"City, Historical",Male,2,1,1.0,3.0,1.0,1.0,1.0,1.0,1.0,0,Nature & Wellness Explorer
259,"Beaches, Historical",Male,1,0,4.0,3.0,1.0,1.0,1.0,1.0,1.0,0,Nature & Wellness Explorer
260,"Nature, Adventure",Female,1,0,3.0,1.0,1.0,1.0,1.0,1.0,1.0,0,Nature & Wellness Explorer
261,"City, Historical",Male,2,2,1.0,3.0,1.0,1.0,1.0,1.0,1.0,0,Nature & Wellness Explorer
262,"Beaches, Historical",Female,2,2,4.0,3.0,1.0,1.0,1.0,1.0,1.0,0,Nature & Wellness Explorer
263,"Nature, Adventure",Male,1,1,3.0,1.0,1.0,1.0,1.0,1.0,1.0,0,Nature & Wellness Explorer
264,"City, Historical",Female,1,2,1.0,3.0,1.0,1.0,1.0,1.0,1.0,0,Nature & Wellness Explorer
265,"Beaches, Historical",Male,1,0,4.0,3.0,1.0,1.0,1.0,1.0,1.0,0,Nature & Wellness Explorer
266,"Nature, Adventure",Male,2,1,3.0,1.0,1.0,1.0,1.0,1.0,1.0,0,Nature & Wellness Explorer
267,"City, Historical",Female,2,1,1.0,3.0,1.0,1.0,1.0,1.0,1.0,0,Nature & Wellness Explorer
268,"Beaches, Historical",Female,1,1,4.0,3.0,1.0,1.0,1.0,1.0,1.0,0,Nature & Wellness Explorer
269,"Nature, Adventure",Male,2,1,3.0,1.0,1.0,1.0,1.0,1.0,1.0,0,Nature & Wellness Explorer
270,"City, Historical",Male,2,2,1.0,3.0,1.0,1.0,1.0,1.0,1.0,0,Nature & Wellness Explorer
271,"Beaches, Historical",Male,2,1,4.0,3.0,1.0,1.0,1.0,1.0,1.0,0,Nature & Wellness Explorer
272,"Nature, Adventure",Male,2,0,3.0,1.0,1.0,1.0,1.0,1.0,1.0,0,Nature & Wellness Explorer
273,"City, Historical",Male,2,1,1.0,3.0,1.0,1.0,1.0,1.0,1.0,0,Nature & Wellness Explorer
274,"Beaches, Historical",Male,1,2,4.0,3.0,1.0,1.0,1.0,1.0,1.0,0,Nature & Wellness Explorer
275,"Nature, Adventure",Female,1,0,3.0,1.0,1.0,1.0,1.0,1.0,1.0,0,Nature & Wellness Explorer
276,"City, Historical",Male,1,2,1.0,3.0,1.0,1.0,1.0,1.0,1.0,0,Nature & Wellness Explorer
277,"Beaches, Historical",Male,2,2,4.0,3.0,1.0,1.0,1.0,1.0,1.0,0,Nature & Wellness Explorer
278,"Nature, Adventure",Male,1,2,3.0,1.0,1.0,1.0,1.0,1.0,1.0,0,Nature & Wellness Explorer
279,"City, Historical",Male,2,2,1.0,3.0,1.0,1.0,1.0,1.0,1.0,0,Nature & Wellness Explorer
280,"Beaches, Historical",Female,1,1,4.0,3.0,1.0,1.0,1.0,1.0,1.0,0,Nature & Wellness Explorer
281,"Nature, Adventure",Male,2,2,3.0,1.0,1.0,1.0,1.0,1.0,1.0,0,Nature & Wellness Explorer
282,"City, Historical",Male,2,1,1.0,3.0,1.0,1.0,1.0,1.0,1.0,0,Nature & Wellness Explorer
283,"Beaches, Historical",Female,1,1,4.0,3.0,1.0,1.0,1.0,1.0,1.0,0,Nature & Wellness Explorer
284,"Nature, Adventure",Female,1,2,3.0,1.0,1.0,1.0,1.0,1.0,1.0,0,Nature & Wellness Explorer
285,"City, Historical",Female,1,0,1.0,3.0,1.0,1.0,1.0,1.0,1.0,0,Nature & Wellness Explorer
286,"Beaches, Historical",Male,2,2,4.0,3.0,1.0,1.0,1.0,1.0,1.0,0,Nature & Wellness Explorer
287,"Nature, Adventure",Female,1,2,3.0,1.0,1.0,1.0,1.0,1.0,1.0,0,Nature & Wellness Explorer
288,"City, Historical",Female,1,1,1.0,3.0,1.0,1.0,1.0,1.0,1.0,0,Nature & Wellness Explorer
289,"Beaches, Historical",Male,2,1,4.0,3.0,1.0,1.0,1.0,1.0,1.0,0,Nature & Wellness Explorer
290,"Nature, Adventure",Female,2,1,3.0,1.0,1.0,1.0,1.0,1.0,1.0,0,Nature & Wellness Explorer
291,"City, Historical",Male,2,1,1.0,3.0,1.0,1.0,1.0,1.0,1.0,0,Nature & Wellness Explorer
292,"Beaches, Historical",Male,2,2,4.0,3.0,1.0,1.0,1.0,1.0,1.0,0,Nature & Wellness Explorer
293,"Nature, Adventure",Female,1,0,3.0,1.0,1.0,1.0,1.0,1.0,1.0,0,Nature & Wellness Explorer
294,"City, Historical",Male,2,0,1.0,3.0,1.0,1.0,1.0,1.0,1.0,0,Nature & Wellness Explorer
295,"Beaches, Historical",Male,1,0,4.0,3.0,1.0,1.0,1.0,1.0,1.0,0,Nature & Wellness Explorer
296,"Nature, Adventure",Male,1,0,3.0,1.0,1.0,1.0,1.0,1.0,1.0,0,Nature & Wellness Explorer
297,"City, Historical",Male,1,1,1.0,3.0,1.0,1.0,1.0,1.0,1.0,0,Nature & Wellness Explorer
298,"Beaches, Historical",Female,1,2,4.0,3.0,1.0,1.0,1.0,1.0,1.0,0,Nature & Wellness Explorer
299,"Nature, Adventure",Female,2,1,3.0,1.0,1.0,1.0,1.0,1.0,1.0,0,Nature & Wellness Explorer
300,"City, Historical",Female,2,1,1.0,3.0,1.0,1.0,1.0,1.0,1.0,0,Nature & Wellness Explorer
301,"Beaches, Historical",Female,2,2,4.0,3.0,1.0,1.0,1.0,1.0,1.0,0,Nature & Wellness Explorer
302,"Nature, Adventure",Male,1,2,3.0,1.0,1.0,1.0,1.0,1.0,1.0,0,Nature & Wellness Explorer
303,"City, Historical",Female,2,2,1.0,3.0,1.0,1.0,1.0,1.0,1.0,0,Nature & Wellness Explorer
304,"Beaches, Historical",Male,1,1,4.0,3.0,1.0,1.0,1.0,1.0,1.0,0,Nature & Wellness Explorer
305,"Nature, Adventure",Female,1,0,3.0,1.0,1.0,1.0,1.0,1.0,1.0,0,Nature & Wellness Explorer
306,"City, Historical",Female,2,1,1.0,3.0,1.0,1.0,1.0,1.0,1.0,0,Nature & Wellness Explorer
307,"Beaches, Historical",Female,2,1,4.0,3.0,1.0,1.0,1.0,1.0,1.0,0,Nature & Wellness Explorer
308,"Nature, Adventure",Female,2,2,3.0,1.0,1.0,1.0,1.0,1.0,1.0,0,Nature & Wellness Explorer
309,"City, Historical",Female,2,1,1.0,3.0,1.0,1.0,1.0,1.0,1.0,0,Nature & Wellness Explorer
310,"Beaches, Historical",Male,2,0,4.0,3.0,1.0,1.0,1.0,1.0,1.0,0,Nature & Wellness Explorer
311,"Nature, Adventure",Female,2,0,3.0,1.0,1.0,1.0,1.0,1.0,1.0,0,Nature & Wellness Explorer
312,"City, Historical",Male,1,1,1.0,3.0,1.0,1.0,1.0,1.0,1.0,0,Nature & Wellness Explorer
313,"Beaches, Historical",Female,1,2,4.0,3.0,1.0,1.0,1.0,1.0,1.0,0,Nature & Wellness Explorer
314,"Nature, Adventure",Female,2,1,3.0,1.0,1.0,1.0,1.0,1.0,1.0,0,Nature & Wellness Explorer
315,"City, Historical",Male,2,0,1.0,3.0,1.0,1.0,1.0,1.0,1.0,0,Nature & Wellness Explorer
316,"Beaches, Historical",Female,2,0,4.0,3.0,1.0,1.0,1.0,1.0,1.0,0,Nature & Wellness Explorer
317,"Nature, Adventure",Male,2,1,3.0,1.0,1.0,1.0,1.0,1.0,1.0,0,Nature & Wellness Explorer
318,"City, Historical",Female,2,0,1.0,3.0,1.0,1.0,1.0,1.0,1.0,0,Nature & Wellness Explorer
319,"Beaches, Historical",Female,2,1,4.0,3.0,1.0,1.0,1.0,1.0,1.0,0,Nature & Wellness Explorer
320,"Nature, Adventure",Female,2,0,3.0,1.0,1.0,1.0,1.0,1.0,1.0,0,Nature & Wellness Explorer
321,"City, Historical",Female,2,2,1.0,3.0,1.0,1.0,1.0,1.0,1.0,0,Nature & Wellness Explorer
322,"Beaches, Historical",Female,2,0,4.0,3.0,1.0,1.0,1.0,1.0,1.0,0,Nature & Wellness Explorer
323,"Nature, Adventure",Male,2,1,3.0,1.0,1.0,1.0,1.0,1.0,1.0,0,Nature & Wellness Explorer
324,"City, Historical",Male,1,1,1.0,3.0,1.0,1.0,1.0,1.0,1.0,0,Nature & Wellness Explorer
325,"Beaches, Historical",Male,1,2,4.0,3.0,1.0,1.0,1.0,1.0,1.0,0,Nature & Wellness Explorer
326,"Nature, Adventure",Female,1,0,3.0,1.0,1.0,1.0,1.0,1.0,1.0,0,Nature & Wellness Explorer
327,"City, Historical",Female,1,1,1.0,3.0,1.0,1.0,1.0,1.0,1.0,0,Nature & Wellness Explorer
328,"Beaches, Historical",Female,2,0,4.0,3.0,1.0,1.0,1.0,1.0,1.0,0,Nature & Wellness Explorer
329,"Nature, Adventure",Male,2,2,3.0,1.0,1.0,1.0,1.0,1.0,1.0,0,Nature & Wellness Explorer
330,"City, Historical",Female,2,1,1.0,3.0,1.0,1.0,1.0,1.0,1.0,0,Nature & Wellness Explorer
331,"Beaches, Historical",Male,1,2,4.0,3.0,1.0,1.0,1.0,1.0,1.0,0,Nature & Wellness Explorer
332,"Nature, Adventure",Female,2,1,3.0,1.0,1.0,1.0,1.0,1.0,1.0,0,Nature & Wellness Explorer
333,"City, Historical",Female,2,0,1.0,3.0,1.0,1.0,1.0,1.0,1.0,0,Nature & Wellness Explorer
334,"Beaches, Historical",Male,2,1,4.0,3.0,1.0,1.0,1.0,1.0,1.0,0,Nature & Wellness Explorer
335,"Nature, Adventure",Female,2,2,3.0,1.0,1.0,1.0,1.0,1.0,1.0,0,Nature & Wellness Explorer
336,"City, Historical",Male,2,1,1.0,3.0,1.0,1.0,1.0,1.0,1.0,0,Nature & Wellness Explorer
337,"Beaches, Historical",Male,2,2,4.0,3.0,1.0,1.0,1.0,1.0,1.0,0,Nature & Wellness Explorer
338,"Nature, Adventure",Male,2,1,3.0,1.0,1.0,1.0,1.0,1.0,1.0,0,Nature & Wellness Explorer
339,"City, Historical",Female,1,2,1.0,3.0,1.0,1.0,1.0,1.0,1.0,0,Nature & Wellness Explorer
340,"Beaches, Historical",Female,1,0,4.0,3.0,1.0,1.0,1.0,1.0,1.0,0,Nature & Wellness Explorer
341,"Nature, Adventure",Male,1,1,3.0,1.0,1.0,1.0,1.0,1.0,1.0,0,Nature & Wellness Explorer
342,"City, Historical",Male,1,0,1.0,3.0,1.0,1.0,1.0,1.0,1.0,0,Nature & Wellness Explorer
343,"Beaches, Historical",Female,2,1,4.0,3.0,1.0,1.0,1.0,1.0,1.0,0,Nature & Wellness Explorer
344,"Nature, Adventure",Male,2,1,3.0,1.0,1.0,1.0,1.0,1.0,1.0,0,Nature & Wellness Explorer
345,"City, Historical",Male,1,0,1.0,3.0,1.0,1.0,1.0,1.0,1.0,0,Nature & Wellness Explorer
346,"Beaches, Historical",Male,2,2,4.0,3.0,1.0,1.0,1.0,1.0,1.0,0,Nature & Wellness Explorer
347,"Nature, Adventure",Female,1,0,3.0,1.0,1.0,1.0,1.0,1.0,1.0,0,Nature & Wellness Explorer
348,"City, Historical",Female,1,0,1.0,3.0,1.0,1.0,1.0,1.0,1.0,0,Nature & Wellness Explorer
349,"Beaches, Historical",Female,2,1,4.0,3.0,1.0,1.0,1.0,1.0,1.0,0,Nature & Wellness Explorer
350,"Nature, Adventure",Male,1,2,3.0,1.0,1.0,1.0,1.0,1.0,1.0,0,Nature & Wellness Explorer
351,"City, Historical",Male,2,2,1.0,3.0,1.0,1.0,1.0,1.0,1.0,0,Nature & Wellness Explorer
352,"Beaches, Historical",Female,1,0,4.0,3.0,1.0,1.0,1.0,1.0,1.0,0,Nature & Wellness Explorer
353,"Nature, Adventure",Female,2,0,3.0,1.0,1.0,1.0,1.0,1.0,1.0,0,Nature & Wellness Explorer
354,"City, Historical",Female,1,2,1.0,3.0,1.0,1.0,1.0,1.0,1.0,0,Nature & Wellness Explorer
355,"Beaches, Historical",Female,1,0,4.0,3.0,1.0,1.0,1.0,1.0,1.0,0,Nature & Wellness Explorer
356,"Nature, Adventure",Male,1,1,3.0,1.0,1.0,1.0,1.0,1.0,1.0,0,Nature & Wellness Explorer
357,"City, Historical",Female,1,1,1.0,3.0,1.0,1.0,1.0,1.0,1.0,0,Nature & Wellness Explorer
358,"Beaches, Historical",Female,2,0,4.0,3.0,1.0,1.0,1.0,1.0,1.0,0,Nature & Wellness Explorer
359,"Nature, Adventure",Male,2,1,3.0,1.0,1.0,1.0,1.0,1.0,1.0,0,Nature & Wellness Explorer
360,"City, Historical",Female,2,2,1.0,3.0,1.0,1.0,1.0,1.0,1.0,0,Nature & Wellness Explorer
361,"Beaches, Historical",Female,1,0,4.0,3.0,1.0,1.0,1.0,1.0,1.0,0,Nature & Wellness Explorer
362,"Nature, Adventure",Male,2,1,3.0,1.0,1.0,1.0,1.0,1.0,1.0,0,Nature & Wellness Explorer
363,"City, Historical",Female,1,0,1.0,3.0,1.0,1.0,1.0,1.0,1.0,0,Nature & Wellness Explorer
364,"Beaches, Historical",Female,2,2,4.0,3.0,1.0,1.0,1.0,1.0,1.0,0,Nature & Wellness Explorer
365,"Nature, Adventure",Male,1,1,3.0,1.0,1.0,1.0,1.0,1.0,1.0,0,Nature & Wellness Explorer
366,"City, Historical",Female,1,2,1.0,3.0,1.0,1.0,1.0,1.0,1.0,0,Nature & Wellness Explorer
367,"Beaches, Historical",Female,1,0,4.0,3.0,1.0,1.0,1.0,1.0,1.0,0,Nature & Wellness Explorer
368,"Nature, Adventure",Male,1,0,3.0,1.0,1.0,1.0,1.0,1.0,1.0,0,Nature & Wellness Explorer
369,"City, Historical",Male,2,1,1.0,3.0,1.0,1.0,1.0,1.0,1.0,0,Nature & Wellness Explorer
370,"Beaches, Historical",Female,2,2,4.0,3.0,1.0,1.0,1.0,1.0,1.0,0,Nature & Wellness Explorer
371,"Nature, Adventure",Male,2,0,3.0,1.0,1.0,1.0,1.0,1.0,1.0,0,Nature & Wellness Explorer
372,"City, Historical",Female,1,2,1.0,3.0,1.0,1.0,1.0,1.0,1.0,0,Nature & Wellness Explorer
373,"Beaches, Historical",Male,2,2,4.0,3.0,1.0,1.0,1.0,1.0,1.0,0,Nature & Wellness Explorer
374,"Nature, Adventure",Female,1,1,3.0,1.0,1.0,1.0,1.0,1.0,1.0,0,Nature & Wellness Explorer
375,"City, Historical",Female,1,2,1.0,3.0,1.0,1.0,1.0,1.0,1.0,0,Nature & Wellness Explorer
376,"Beaches, Historical",Female,2,0,4.0,3.0,1.0,1.0,1.0,1.0,1.0,0,Nature & Wellness Explorer
377,"Nature, Adventure",Female,2,0,3.0,1.0,1.0,1.0,1.0,1.0,1.0,0,Nature & Wellness Explorer
378,"City, Historical",Female,2,1,1.0,3.0,1.0,1.0,1.0,1.0,1.0,0,Nature & Wellness Explorer
379,"Beaches, Historical",Female,1,2,4.0,3.0,1.0,1.0,1.0,1.0,1.0,0,Nature & Wellness Explorer
380,"Nature, Adventure",Male,2,0,3.0,1.0,1.0,1.0,1.0,1.0,1.0,0,Nature & Wellness Explorer
381,"City, Historical",Female,2,0,1.0,3.0,1.0,1.0,1.0,1.0,1.0,0,Nature & Wellness Explorer
382,"Beaches, Historical",Female,1,1,4.0,3.0,1.0,1.0,1.0,1.0,1.0,0,Nature & Wellness Explorer
383,"Nature, Adventure",Female,2,2,3.0,1.0,1.0,1.0,1.0,1.0,1.0,0,Nature & Wellness Explorer
384,"City, Historical",Male,1,2,1.0,3.0,1.0,1.0,1.0,1.0,1.0,0,Nature & Wellness Explorer
385,"Beaches, Historical",Female,2,2,4.0,3.0,1.0,1.0,1.0,1.0,1.0,0,Nature & Wellness Explorer
386,"Nature, Adventure",Male,2,0,3.0,1.0,1.0,1.0,1.0,1.0,1.0,0,Nature & Wellness Explorer
387,"City, Historical",Male,1,0,1.0,3.0,1.0,1.0,1.0,1.0,1.0,0,Nature & Wellness Explorer
388,"Beaches, Historical",Male,1,1,4.0,3.0,1.0,1.0,1.0,1.0,1.0,0,Nature & Wellness Explorer
389,"Nature, Adventure",Female,2,0,3.0,1.0,1.0,1.0,1.0,1.0,1.0,0,Nature & Wellness Explorer
390,"City, Historical",Male,2,1,1.0,3.0,1.0,1.0,1.0,1.0,1.0,0,Nature & Wellness Explorer
391,"Beaches, Historical",Female,1,1,4.0,3.0,1.0,1.0,1.0,1.0,1.0,0,Nature & Wellness Explorer
392,"Nature, Adventure",Male,2,2,3.0,1.0,1.0,1.0,1.0,1.0,1.0,0,Nature & Wellness Explorer
393,"City, Historical",Female,2,1,1.0,3.0,1.0,1.0,1.0,1.0,1.0,0,Nature & Wellness Explorer
394,"Beaches, Historical",Female,2,2,4.0,3.0,1.0,1.0,1.0,1.0,1.0,0,Nature & Wellness Explorer
395,"Nature, Adventure",Male,2,2,3.0,1.0,1.0,1.0,1.0,1.0,1.0,0,Nature & Wellness Explorer
396,"City, Historical",Female,2,0,1.0,3.0,1.0,1.0,1.0,1.0,1.0,0,Nature & Wellness Explorer
397,"Beaches, Historical",Female,2,0,4.0,3.0,1.0,1.0,1.0,1.0,1.0,0,Nature & Wellness Explorer
398,"Nature, Adventure",Female,1,1,3.0,1.0,1.0,1.0,1.0,1.0,1.0,0,Nature & Wellness Explorer
399,"City, Historical",Male,1,1,1.0,3.0,1.0,1.0,1.0,1.0,1.0,0,Nature & Wellness Explorer
400,"Beaches, Historical",Female,2,1,4.0,3.0,1.0,1.0,1.0,1.0,1.0,0,Nature & Wellness Explorer
401,"Nature, Adventure",Male,1,1,3.0,1.0,1.0,1.0,1.0,1.0,1.0,0,Nature & Wellness Explorer
402,"City, Historical",Male,2,0,1.0,3.0,1.0,1.0,1.0,1.0,1.0,0,Nature & Wellness Explorer
403,"Beaches, Historical",Male,1,1,4.0,3.0,1.0,1.0,1.0,1.0,1.0,0,Nature & Wellness Explorer
404,"Nature, Adventure",Male,1,2,3.0,1.0,1.0,1.0,1.0,1.0,1.0,0,Nature & Wellness Explorer
405,"City, Historical",Male,2,0,1.0,3.0,1.0,1.0,1.0,1.0,1.0,0,Nature & Wellness Explorer
406,"Beaches, Historical",Male,2,2,4.0,3.0,1.0,1.0,1.0,1.0,1.0,0,Nature & Wellness Explorer
407,"Nature, Adventure",Female,2,1,3.0,1.0,1.0,1.0,1.0,1.0,1.0,0,Nature & Wellness Explorer
408,"City, Historical",Male,2,0,1.0,3.0,1.0,1.0,1.0,1.0,1.0,0,Nature & Wellness Explorer
409,"Beaches, Historical",Male,2,2,4.0,3.0,1.0,1.0,1.0,1.0,1.0,0,Nature & Wellness Explorer
410,"Nature, Adventure",Male,1,0,3.0,1.0,1.0,1.0,1.0,1.0,1.0,0,Nature & Wellness Explorer
411,"City, Historical",Male,2,2,1.0,3.0,1.0,1.0,1.0,1.0,1.0,0,Nature & Wellness Explorer
412,"Beaches, Historical",Female,2,0,4.0,3.0,1.0,1.0,1.0,1.0,1.0,0,Nature & Wellness Explorer
413,"Nature, Adventure",Female,2,2,3.0,1.0,1.0,1.0,1.0,1.0,1.0,0,Nature & Wellness Explorer
414,"City, Historical",Female,1,2,1.0,3.0,1.0,1.0,1.0,1.0,1.0,0,Nature & Wellness Explorer
415,"Beaches, Historical",Male,1,2,4.0,3.0,1.0,1.0,1.0,1.0,1.0,0,Nature & Wellness Explorer
416,"Nature, Adventure",Female,2,0,3.0,1.0,1.0,1.0,1.0,1.0,1.0,0,Nature & Wellness Explorer
417,"City, Historical",Male,2,2,1.0,3.0,1.0,1.0,1.0,1.0,1.0,0,Nature & Wellness Explorer
418,"Beaches, Historical",Female,1,2,4.0,3.0,1.0,1.0,1.0,1.0,1.0,0,Nature & Wellness Explorer
419,"Nature, Adventure",Male,2,1,3.0,1.0,1.0,1.0,1.0,1.0,1.0,0,Nature & Wellness Explorer
420,"City, Historical",Female,2,2,1.0,3.0,1.0,1.0,1.0,1.0,1.0,0,Nature & Wellness Explorer
421,"Beaches, Historical",Female,2,1,4.0,3.0,1.0,1.0,1.0,1.0,1.0,0,Nature & Wellness Explorer
422,"Nature, Adventure",Female,1,0,3.0,1.0,1.0,1.0,1.0,1.0,1.0,0,Nature & Wellness Explorer
423,"City, Historical",Male,1,2,1.0,3.0,1.0,1.0,1.0,1.0,1.0,0,Nature & Wellness Explorer
424,"Beaches, Historical",Female,1,0,4.0,3.0,1.0,1.0,1.0,1.0,1.0,0,Nature & Wellness Explorer
425,"Nature, Adventure",Male,2,1,3.0,1.0,1.0,1.0,1.0,1.0,1.0,0,Nature & Wellness Explorer
426,"City, Historical",Female,1,1,1.0,3.0,1.0,1.0,1.0,1.0,1.0,0,Nature & Wellness Explorer
427,"Beaches, Historical",Female,1,0,4.0,3.0,1.0,1.0,1.0,1.0,1.0,0,Nature & Wellness Explorer
428,"Nature, Adventure",Female,1,2,3.0,1.0,1.0,1.0,1.0,1.0,1.0,0,Nature & Wellness Explorer
429,"City, Historical",Female,1,0,1.0,3.0,1.0,1.0,1.0,1.0,1.0,0,Nature & Wellness Explorer
430,"Beaches, Historical",Male,1,1,4.0,3.0,1.0,1.0,1.0,1.0,1.0,0,Nature & Wellness Explorer
431,"Nature, Adventure",Male,1,1,3.0,1.0,1.0,1.0,1.0,1.0,1.0,0,Nature & Wellness Explorer
432,"City, Historical",Male,2,2,1.0,3.0,1.0,1.0,1.0,1.0,1.0,0,Nature & Wellness Explorer
433,"Beaches, Historical",Female,2,1,4.0,3.0,1.0,1.0,1.0,1.0,1.0,0,Nature & Wellness Explorer
434,"Nature, Adventure",Female,2,2,3.0,1.0,1.0,1.0,1.0,1.0,1.0,0,Nature & Wellness Explorer
435,"City, Historical",Male,1,2,1.0,3.0,1.0,1.0,1.0,1.0,1.0,0,Nature & Wellness Explorer
436,"Beaches, Historical",Female,1,2,4.0,3.0,1.0,1.0,1.0,1.0,1.0,0,Nature & Wellness Explorer
437,"Nature, Adventure",Male,2,1,3.0,1.0,1.0,1.0,1.0,1.0,1.0,0,Nature & Wellness Explorer
438,"City, Historical",Female,2,0,1.0,3.0,1.0,1.0,1.0,1.0,1.0,0,Nature & Wellness Explorer
439,"Beaches, Historical",Male,2,0,4.0,3.0,1.0,1.0,1.0,1.0,1.0,0,Nature & Wellness Explorer
440,"Nature, Adventure",Female,1,1,3.0,1.0,1.0,1.0,1.0,1.0,1.0,0,Nature & Wellness Explorer
441,"City, Historical",Female,2,0,1.0,3.0,1.0,1.0,1.0,1.0,1.0,0,Nature & Wellness Explorer
442,"Beaches, Historical",Female,1,0,4.0,3.0,1.0,1.0,1.0,1.0,1.0,0,Nature & Wellness Explorer
443,"Nature, Adventure",Male,2,1,3.0,1.0,1.0,1.0,1.0,1.0,1.0,0,Nature & Wellness Explorer
444,"City, Historical",Female,1,0,1.0,3.0,1.0,1.0,1.0,1.0,1.0,0,Nature & Wellness Explorer
445,"Beaches, Historical",Female,2,1,4.0,3.0,1.0,1.0,1.0,1.0,1.0,0,Nature & Wellness Explorer
446,"Nature, Adventure",Female,2,2,3.0,1.0,1.0,1.0,1.0,1.0,1.0,0,Nature & Wellness Explorer
447,"City, Historical",Male,2,2,1.0,3.0,1.0,1.0,1.0,1.0,1.0,0,Nature & Wellness Explorer
448,"Beaches, Historical",Male,1,0,4.0,3.0,1.0,1.0,1.0,1.0,1.0,0,Nature & Wellness Explorer
449,"Nature, Adventure",Male,2,1,3.0,1.0,1.0,1.0,1.0,1.0,1.0,0,Nature & Wellness Explorer
450,"City, Historical",Female,1,2,1.0,3.0,1.0,1.0,1.0,1.0,1.0,0,Nature & Wellness Explorer
451,"Beaches, Historical",Male,1,1,4.0,3.0,1.0,1.0,1.0,1.0,1.0,0,Nature & Wellness Explorer
452,"Nature, Adventure",Male,2,1,3.0,1.0,1.0,1.0,1.0,1.0,1.0,0,Nature & Wellness Explorer
453,"City, Historical",Female,1,1,1.0,3.0,1.0,1.0,1.0,1.0,1.0,0,Nature & Wellness Explorer
454,"Beaches, Historical",Male,2,0,4.0,3.0,1.0,1.0,1.0,1.0,1.0,0,Nature & Wellness Explorer
455,"Nature, Adventure",Female,1,2,3.0,1.0,1.0,1.0,1.0,1.0,1.0,0,Nature & Wellness Explorer
456,"City, Historical",Female,1,0,1.0,3.0,1.0,1.0,1.0,1.0,1.0,0,Nature & Wellness Explorer
457,"Beaches, Historical",Female,2,1,4.0,3.0,1.0,1.0,1.0,1.0,1.0,0,Nature & Wellness Explorer
458,"Nature, Adventure",Male,1,2,3.0,1.0,1.0,1.0,1.0,1.0,1.0,0,Nature & Wellness Explorer
459,"City, Historical",Female,1,0,1.0,3.0,1.0,1.0,1.0,1.0,1.0,0,Nature & Wellness Explorer
460,"Beaches, Historical",Male,1,2,4.0,3.0,1.0,1.0,1.0,1.0,1.0,0,Nature & Wellness Explorer
461,"Nature, Adventure",Female,1,0,3.0,1.0,1.0,1.0,1.0,1.0,1.0,0,Nature & Wellness Explorer
462,"City, Historical",Male,1,1,1.0,3.0,1.0,1.0,1.0,1.0,1.0,0,Nature & Wellness Explorer
463,"Beaches, Historical",Male,1,2,4.0,3.0,1.0,1.0,1.0,1.0,1.0,0,Nature & Wellness Explorer
464,"Nature, Adventure",Female,1,1,3.0,1.0,1.0,1.0,1.0,1.0,1.0,0,Nature & Wellness Explorer
465,"City, Historical",Male,1,1,1.0,3.0,1.0,1.0,1.0,1.0,1.0,0,Nature & Wellness Explorer
466,"Beaches, Historical",Female,1,2,4.0,3.0,1.0,1.0,1.0,1.0,1.0,0,Nature & Wellness Explorer
467,"Nature, Adventure",Male,2,2,3.0,1.0,1.0,1.0,1.0,1.0,1.0,0,Nature & Wellness Explorer
468,"City, Historical",Male,1,0,1.0,3.0,1.0,1.0,1.0,1.0,1.0,0,Nature & Wellness Explorer
469,"Beaches, Historical",Male,2,0,4.0,3.0,1.0,1.0,1.0,1.0,1.0,0,Nature & Wellness Explorer
470,"Nature, Adventure",Male,2,1,3.0,1.0,1.0,1.0,1.0,1.0,1.0,0,Nature & Wellness Explorer
471,"City, Historical",Male,1,0,1.0,3.0,1.0,1.0,1.0,1.0,1.0,0,Nature & Wellness Explorer
472,"Beaches, Historical",Female,2,2,4.0,3.0,1.0,1.0,1.0,1.0,1.0,0,Nature & Wellness Explorer
473,"Nature, Adventure",Male,2,2,3.0,1.0,1.0,1.0,1.0,1.0,1.0,0,Nature & Wellness Explorer
474,"City, Historical",Male,2,2,1.0,3.0,1.0,1.0,1.0,1.0,1.0,0,Nature & Wellness Explorer
475,"Beaches, Historical",Male,1,1,4.0,3.0,1.0,1.0,1.0,1.0,1.0,0,Nature & Wellness Explorer
476,"Nature, Adventure",Female,1,0,3.0,1.0,1.0,1.0,1.0,1.0,1.0,0,Nature & Wellness Explorer
477,"City, Historical",Female,2,0,1.0,3.0,1.0,1.0,1.0,1.0,1.0,0,Nature & Wellness Explorer
478,"Beaches, Historical",Male,2,0,4.0,3.0,1.0,1.0,1.0,1.0,1.0,0,Nature & Wellness Explorer
479,"Nature, Adventure",Male,2,0,3.0,1.0,1.0,1.0,1.0,1.0,1.0,0,Nature & Wellness Explorer
480,"City, Historical",Female,2,0,1.0,3.0,1.0,1.0,1.0,1.0,1.0,0,Nature & Wellness Explorer
481,"Beaches, Historical",Female,1,0,4.0,3.0,1.0,1.0,1.0,1.0,1.0,0,Nature & Wellness Explorer
482,"Nature, Adventure",Female,2,0,3.0,1.0,1.0,1.0,1.0,1.0,1.0,0,Nature & Wellness Explorer
483,"City, Historical",Female,1,1,1.0,3.0,1.0,1.0,1.0,1.0,1.0,0,Nature & Wellness Explorer
484,"Beaches, Historical",Female,2,0,4.0,3.0,1.0,1.0,1.0,1.0,1.0,0,Nature & Wellness Explorer
485,"Nature, Adventure",Female,1,0,3.0,1.0,1.0,1.0,1.0,1.0,1.0,0,Nature & Wellness Explorer
486,"City, Historical",Male,1,0,1.0,3.0,1.0,1.0,1.0,1.0,1.0,0,Nature & Wellness Explorer
487,"Beaches, Historical",Female,1,1,4.0,3.0,1.0,1.0,1.0,1.0,1.0,0,Nature & Wellness Explorer
488,"Nature, Adventure",Female,1,0,3.0,1.0,1.0,1.0,1.0,1.0,1.0,0,Nature & Wellness Explorer
489,"City, Historical",Male,2,1,1.0,3.0,1.0,1.0,1.0,1.0,1.0,0,Nature & Wellness Explorer
490,"Beaches, Historical",Female,2,1,4.0,3.0,1.0,1.0,1.0,1.0,1.0,0,Nature & Wellness Explorer
491,"Nature, Adventure",Female,2,1,3.0,1.0,1.0,1.0,1.0,1.0,1.0,0,Nature & Wellness Explorer
492,"City, Historical",Female,2,2,1.0,3.0,1.0,1.0,1.0,1.0,1.0,0,Nature & Wellness Explorer
493,"Beaches, Historical",Male,2,0,4.0,3.0,1.0,1.0,1.0,1.0,1.0,0,Nature & Wellness Explorer
494,"Nature, Adventure",Female,1,2,3.0,1.0,1.0,1.0,1.0,1.0,1.0,0,Nature & Wellness Explorer
495,"City, Historical",Female,2,0,1.0,3.0,1.0,1.0,1.0,1.0,1.0,0,Nature & Wellness Explorer
496,"Beaches, Historical",Male,1,1,4.0,3.0,1.0,1.0,1.0,1.0,1.0,0,Nature & Wellness Explorer
497,"Nature, Adventure",Male,2,1,3.0,1.0,1.0,1.0,1.0,1.0,1.0,0,Nature & Wellness Explorer
498,"City, Historical",Male,1,0,1.0,3.0,1.0,1.0,1.0,1.0,1.0,0,Nature & Wellness Explorer
499,"Beaches, Historical",Male,2,0,4.0,3.0,1.0,1.0,1.0,1.0,1.0,0,Nature & Wellness Explorer
500,"Nature, Adventure",Female,1,1,3.0,1.0,1.0,1.0,1.0,1.0,1.0,0,Nature & Wellness Explorer
501,"City, Historical",Male,2,0,1.0,3.0,1.0,1.0,1.0,1.0,1.0,0,Nature & Wellness Explorer
502,"Beaches, Historical",Female,2,0,4.0,3.0,1.0,1.0,1.0,1.0,1.0,0,Nature & Wellness Explorer
503,"Nature, Adventure",Male,1,2,3.0,1.0,1.0,1.0,1.0,1.0,1.0,0,Nature & Wellness Explorer
504,"City, Historical",Female,1,1,1.0,3.0,1.0,1.0,1.0,1.0,1.0,0,Nature & Wellness Explorer
505,"Beaches, Historical",Female,1,2,4.0,3.0,1.0,1.0,1.0,1.0,1.0,0,Nature & Wellness Explorer
506,"Nature, Adventure",Female,2,1,3.0,1.0,1.0,1.0,1.0,1.0,1.0,0,Nature & Wellness Explorer
507,"City, Historical",Female,2,2,1.0,3.0,1.0,1.0,1.0,1.0,1.0,0,Nature & Wellness Explorer
508,"Beaches, Historical",Female,2,0,4.0,3.0,1.0,1.0,1.0,1.0,1.0,0,Nature & Wellness Explorer
509,"Nature, Adventure",Male,1,0,3.0,1.0,1.0,1.0,1.0,1.0,1.0,0,Nature & Wellness Explorer
510,"City, Historical",Female,1,1,1.0,3.0,1.0,1.0,1.0,1.0,1.0,0,Nature & Wellness Explorer
511,"Beaches, Historical",Male,2,1,4.0,3.0,1.0,1.0,1.0,1.0,1.0,0,Nature & Wellness Explorer
512,"Nature, Adventure",Male,1,1,3.0,1.0,1.0,1.0,1.0,1.0,1.0,0,Nature & Wellness Explorer
513,"City, Historical",Male,1,2,1.0,3.0,1.0,1.0,1.0,1.0,1.0,0,Nature & Wellness Explorer
514,"Beaches, Historical",Female,2,1,4.0,3.0,1.0,1.0,1.0,1.0,1.0,0,Nature & Wellness Explorer
515,"Nature, Adventure",Male,1,0,3.0,1.0,1.0,1.0,1.0,1.0,1.0,0,Nature & Wellness Explorer
516,"City, Historical",Male,1,1,1.0,3.0,1.0,1.0,1.0,1.0,1.0,0,Nature & Wellness Explorer
517,"Beaches, Historical",Male,1,0,4.0,3.0,1.0,1.0,1.0,1.0,1.0,0,Nature & Wellness Explorer
518,"Nature, Adventure",Female,2,2,3.0,1.0,1.0,1.0,1.0,1.0,1.0,0,Nature & Wellness Explorer
519,"City, Historical",Male,1,0,1.0,3.0,1.0,1.0,1.0,1.0,1.0,0,Nature & Wellness Explorer
520,"Beaches, Historical",Female,2,0,4.0,3.0,1.0,1.0,1.0,1.0,1.0,0,Nature & Wellness Explorer
521,"Nature, Adventure",Male,1,2,3.0,1.0,1.0,1.0,1.0,1.0,1.0,0,Nature & Wellness Explorer
522,"City, Historical",Female,2,0,1.0,3.0,1.0,1.0,1.0,1.0,1.0,0,Nature & Wellness Explorer
523,"Beaches, Historical",Male,1,2,4.0,3.0,1.0,1.0,1.0,1.0,1.0,0,Nature & Wellness Explorer
524,"Nature, Adventure",Female,2,2,3.0,1.0,1.0,1.0,1.0,1.0,1.0,0,Nature & Wellness Explorer
525,"City, Historical",Female,2,2,1.0,3.0,1.0,1.0,1.0,1.0,1.0,0,Nature & Wellness Explorer
526,"Beaches, Historical",Male,1,0,4.0,3.0,1.0,1.0,1.0,1.0,1.0,0,Nature & Wellness Explorer
527,"Nature, Adventure",Male,1,2,3.0,1.0,1.0,1.0,1.0,1.0,1.0,0,Nature & Wellness Explorer
528,"City, Historical",Female,2,1,1.0,3.0,1.0,1.0,1.0,1.0,1.0,0,Nature & Wellness Explorer
529,"Beaches, Historical",Female,1,0,4.0,3.0,1.0,1.0,1.0,1.0,1.0,0,Nature & Wellness Explorer
530,"Nature, Adventure",Female,2,0,3.0,1.0,1.0,1.0,1.0,1.0,1.0,0,Nature & Wellness Explorer
531,"City, Historical",Female,1,1,1.0,3.0,1.0,1.0,1.0,1.0,1.0,0,Nature & Wellness Explorer
532,"Beaches, Historical",Female,2,1,4.0,3.0,1.0,1.0,1.0,1.0,1.0,0,Nature & Wellness Explorer
533,"Nature, Adventure",Female,1,1,3.0,1.0,1.0,1.0,1.0,1.0,1.0,0,Nature & Wellness Explorer
534,"City, Historical",Female,1,1,1.0,3.0,1.0,1.0,1.0,1.0,1.0,0,Nature & Wellness Explorer
535,"Beaches, Historical",Female,1,2,4.0,3.0,1.0,1.0,1.0,1.0,1.0,0,Nature & Wellness Explorer
536,"Nature, Adventure",Female,1,0,3.0,1.0,1.0,1.0,1.0,1.0,1.0,0,Nature & Wellness Explorer
537,"City, Historical",Male,2,0,1.0,3.0,1.0,1.0,1.0,1.0,1.0,0,Nature & Wellness Explorer
538,"Beaches, Historical",Female,2,1,4.0,3.0,1.0,1.0,1.0,1.0,1.0,0,Nature & Wellness Explorer
539,"Nature, Adventure",Male,1,2,3.0,1.0,1.0,1.0,1.0,1.0,1.0,0,Nature & Wellness Explorer
540,"City, Historical",Female,2,2,1.0,3.0,1.0,1.0,1.0,1.0,1.0,0,Nature & Wellness Explorer
541,"Beaches, Historical",Female,1,1,4.0,3.0,1.0,1.0,1.0,1.0,1.0,0,Nature & Wellness Explorer
542,"Nature, Adventure",Female,2,1,3.0,1.0,1.0,1.0,1.0,1.0,1.0,0,Nature & Wellness Explorer
543,"City, Historical",Female,2,1,1.0,3.0,1.0,1.0,1.0,1.0,1.0,0,Nature & Wellness Explorer
544,"Beaches, Historical",Female,1,1,4.0,3.0,1.0,1.0,1.0,1.0,1.0,0,Nature & Wellness Explorer
545,"Nature, Adventure",Male,2,2,3.0,1.0,1.0,1.0,1.0,1.0,1.0,0,Nature & Wellness Explorer
546,"City, Historical",Female,1,0,1.0,3.0,1.0,1.0,1.0,1.0,1.0,0,Nature & Wellness Explorer
547,"Beaches, Historical",Female,1,2,4.0,3.0,1.0,1.0,1.0,1.0,1.0,0,Nature & Wellness Explorer
548,"Nature, Adventure",Male,1,0,3.0,1.0,1.0,1.0,1.0,1.0,1.0,0,Nature & Wellness Explorer
549,"City, Historical",Male,1,0,1.0,3.0,1.0,1.0,1.0,1.0,1.0,0,Nature & Wellness Explorer
550,"Beaches, Historical",Male,1,0,4.0,3.0,1.0,1.0,1.0,1.0,1.0,0,Nature & Wellness Explorer
551,"Nature, Adventure",Male,2,2,3.0,1.0,1.0,1.0,1.0,1.0,1.0,0,Nature & Wellness Explorer
552,"City, Historical",Female,2,1,1.0,3.0,1.0,1.0,1.0,1.0,1.0,0,Nature & Wellness Explorer
553,"Beaches, Historical",Female,1,1,4.0,3.0,1.0,1.0,1.0,1.0,1.0,0,Nature & Wellness Explorer
554,"Nature, Adventure",Female,1,2,3.0,1.0,1.0,1.0,1.0,1.0,1.0,0,Nature & Wellness Explorer
555,"City, Historical",Female,1,2,1.0,3.0,1.0,1.0,1.0,1.0,1.0,0,Nature & Wellness Explorer
556,"Beaches, Historical",Male,1,0,4.0,3.0,1.0,1.0,1.0,1.0,1.0,0,Nature & Wellness Explorer
557,"Nature, Adventure",Male,2,2,3.0,1.0,1.0,1.0,1.0,1.0,1.0,0,Nature & Wellness Explorer
558,"City, Historical",Male,2,0,1.0,3.0,1.0,1.0,1.0,1.0,1.0,0,Nature & Wellness Explorer
559,"Beaches, Historical",Male,1,2,4.0,3.0,1.0,1.0,1.0,1.0,1.0,0,Nature & Wellness Explorer
560,"Nature, Adventure",Female,1,1,3.0,1.0,1.0,1.0,1.0,1.0,1.0,0,Nature & Wellness Explorer
561,"City, Historical",Male,2,1,1.0,3.0,1.0,1.0,1.0,1.0,1.0,0,Nature & Wellness Explorer
562,"Beaches, Historical",Female,1,1,4.0,3.0,1.0,1.0,1.0,1.0,1.0,0,Nature & Wellness Explorer
563,"Nature, Adventure",Male,2,2,3.0,1.0,1.0,1.0,1.0,1.0,1.0,0,Nature & Wellness Explorer
564,"City, Historical",Male,2,0,1.0,3.0,1.0,1.0,1.0,1.0,1.0,0,Nature & Wellness Explorer
565,"Beaches, Historical",Male,2,1,4.0,3.0,1.0,1.0,1.0,1.0,1.0,0,Nature & Wellness Explorer
566,"Nature, Adventure",Male,2,0,3.0,1.0,1.0,1.0,1.0,1.0,1.0,0,Nature & Wellness Explorer
567,"City, Historical",Female,2,1,1.0,3.0,1.0,1.0,1.0,1.0,1.0,0,Nature & Wellness Explorer
568,"Beaches, Historical",Female,2,0,4.0,3.0,1.0,1.0,1.0,1.0,1.0,0,Nature & Wellness Explorer
569,"Nature, Adventure",Female,2,2,3.0,1.0,1.0,1.0,1.0,1.0,1.0,0,Nature & Wellness Explorer
570,"City, Historical",Female,2,2,1.0,3.0,1.0,1.0,1.0,1.0,1.0,0,Nature & Wellness Explorer
571,"Beaches, Historical",Female,2,0,4.0,3.0,1.0,1.0,1.0,1.0,1.0,0,Nature & Wellness Explorer
572,"Nature, Adventure",Female,2,2,3.0,1.0,1.0,1.0,1.0,1.0,1.0,0,Nature & Wellness Explorer
573,"City, Historical",Male,2,0,1.0,3.0,1.0,1.0,1.0,1.0,1.0,0,Nature & Wellness Explorer
574,"Beaches, Historical",Male,1,2,4.0,3.0,1.0,1.0,1.0,1.0,1.0,0,Nature & Wellness Explorer
575,"Nature, Adventure",Male,1,2,3.0,1.0,1.0,1.0,1.0,1.0,1.0,0,Nature & Wellness Explorer
576,"City, Historical",Female,2,0,1.0,3.0,1.0,1.0,1.0,1.0,1.0,0,Nature & Wellness Explorer
577,"Beaches, Historical",Female,2,1,4.0,3.0,1.0,1.0,1.0,1.0,1.0,0,Nature & Wellness Explorer
578,"Nature, Adventure",Female,2,1,3.0,1.0,1.0,1.0,1.0,1.0,1.0,0,Nature & Wellness Explorer
579,"City, Historical",Male,2,1,1.0,3.0,1.0,1.0,1.0,1.0,1.0,0,Nature & Wellness Explorer
580,"Beaches, Historical",Female,1,0,4.0,3.0,1.0,1.0,1.0,1.0,1.0,0,Nature & Wellness Explorer
581,"Nature, Adventure",Male,1,1,3.0,1.0,1.0,1.0,1.0,1.0,1.0,0,Nature & Wellness Explorer
582,"City, Historical",Female,2,2,1.0,3.0,1.0,1.0,1.0,1.0,1.0,0,Nature & Wellness Explorer
583,"Beaches, Historical",Male,1,1,4.0,3.0,1.0,1.0,1.0,1.0,1.0,0,Nature & Wellness Explorer
584,"Nature, Adventure",Male,1,2,3.0,1.0,1.0,1.0,1.0,1.0,1.0,0,Nature & Wellness Explorer
585,"City, Historical",Male,2,1,1.0,3.0,1.0,1.0,1.0,1.0,1.0,0,Nature & Wellness Explorer
586,"Beaches, Historical",Male,1,1,4.0,3.0,1.0,1.0,1.0,1.0,1.0,0,Nature & Wellness Explorer
587,"Nature, Adventure",Female,2,0,3.0,1.0,1.0,1.0,1.0,1.0,1.0,0,Nature & Wellness Explorer
588,"City, Historical",Female,1,2,1.0,3.0,1.0,1.0,1.0,1.0,1.0,0,Nature & Wellness Explorer
589,"Beaches, Historical",Male,2,2,4.0,3.0,1.0,1.0,1.0,1.0,1.0,0,Nature & Wellness Explorer
590,"Nature, Adventure",Male,1,2,3.0,1.0,1.0,1.0,1.0,1.0,1.0,0,Nature & Wellness Explorer
591,"City, Historical",Male,1,1,1.0,3.0,1.0,1.0,1.0,1.0,1.0,0,Nature & Wellness Explorer
592,"Beaches, Historical",Female,2,1,4.0,3.0,1.0,1.0,1.0,1.0,1.0,0,Nature & Wellness Explorer
593,"Nature, Adventure",Female,1,0,3.0,1.0,1.0,1.0,1.0,1.0,1.0,0,Nature & Wellness Explorer
594,"City, Historical",Female,1,0,1.0,3.0,1.0,1.0,1.0,1.0,1.0,0,Nature & Wellness Explorer
595,"Beaches, Historical",Female,1,0,4.0,3.0,1.0,1.0,1.0,1.0,1.0,0,Nature & Wellness Explorer
596,"Nature, Adventure",Female,1,1,3.0,1.0,1.0,1.0,1.0,1.0,1.0,0,Nature & Wellness Explorer
597,"City, Historical",Female,1,0,1.0,3.0,1.0,1.0,1.0,1.0,1.0,0,Nature & Wellness Explorer
598,"Beaches, Historical",Female,2,2,4.0,3.0,1.0,1.0,1.0,1.0,1.0,0,Nature & Wellness Explorer
599,"Nature, Adventure",Female,1,0,3.0,1.0,1.0,1.0,1.0,1.0,1.0,0,Nature & Wellness Explorer
600,"City, Historical",Female,2,1,1.0,3.0,1.0,1.0,1.0,1.0,1.0,0,Nature & Wellness Explorer
601,"Beaches, Historical",Male,1,0,4.0,3.0,1.0,1.0,1.0,1.0,1.0,0,Nature & Wellness Explorer
602,"Nature, Adventure",Female,1,2,3.0,1.0,1.0,1.0,1.0,1.0,1.0,0,Nature & Wellness Explorer
603,"City, Historical",Male,2,2,1.0,3.0,1.0,1.0,1.0,1.0,1.0,0,Nature & Wellness Explorer
604,"Beaches, Historical",Female,2,2,4.0,3.0,1.0,1.0,1.0,1.0,1.0,0,Nature & Wellness Explorer
605,"Nature, Adventure",Male,2,1,3.0,1.0,1.0,1.0,1.0,1.0,1.0,0,Nature & Wellness Explorer
606,"City, Historical",Female,2,2,1.0,3.0,1.0,1.0,1.0,1.0,1.0,0,Nature & Wellness Explorer
607,"Beaches, Historical",Male,1,0,4.0,3.0,1.0,1.0,1.0,1.0,1.0,0,Nature & Wellness Explorer
608,"Nature, Adventure",Male,1,0,3.0,1.0,1.0,1.0,1.0,1.0,1.0,0,Nature & Wellness Explorer
609,"City, Historical",Female,2,2,1.0,3.0,1.0,1.0,1.0,1.0,1.0,0,Nature & Wellness Explorer
610,"Beaches, Historical",Male,1,1,4.0,3.0,1.0,1.0,1.0,1.0,1.0,0,Nature & Wellness Explorer
611,"Nature, Adventure",Male,2,2,3.0,1.0,1.0,1.0,1.0,1.0,1.0,0,Nature & Wellness Explorer
612,"City, Historical",Female,2,0,1.0,3.0,1.0,1.0,1.0,1.0,1.0,0,Nature & Wellness Explorer
613,"Beaches, Historical",Female,2,0,4.0,3.0,1.0,1.0,1.0,1.0,1.0,0,Nature & Wellness Explorer
614,"Nature, Adventure",Female,2,2,3.0,1.0,1.0,1.0,1.0,1.0,1.0,0,Nature & Wellness Explorer
615,"City, Historical",Male,1,1,1.0,3.0,1.0,1.0,1.0,1.0,1.0,0,Nature & Wellness Explorer
616,"Beaches, Historical",Female,1,0,4.0,3.0,1.0,1.0,1.0,1.0,1.0,0,Nature & Wellness Explorer
617,"Nature, Adventure",Male,2,1,3.0,1.0,1.0,1.0,1.0,1.0,1.0,0,Nature & Wellness Explorer
618,"City, Historical",Female,1,2,1.0,3.0,1.0,1.0,1.0,1.0,1.0,0,Nature & Wellness Explorer
619,"Beaches, Historical",Male,1,0,4.0,3.0,1.0,1.0,1.0,1.0,1.0,0,Nature & Wellness Explorer
620,"Nature, Adventure",Male,2,0,3.0,1.0,1.0,1.0,1.0,1.0,1.0,0,Nature & Wellness Explorer
621,"City, Historical",Female,2,0,1.0,3.0,1.0,1.0,1.0,1.0,1.0,0,Nature & Wellness Explorer
622,"Beaches, Historical",Male,2,0,4.0,3.0,1.0,1.0,1.0,1.0,1.0,0,Nature & Wellness Explorer
623,"Nature, Adventure",Female,1,0,3.0,1.0,1.0,1.0,1.0,1.0,1.0,0,Nature & Wellness Explorer
624,"City, Historical",Female,1,0,1.0,3.0,1.0,1.0,1.0,1.0,1.0,0,Nature & Wellness Explorer
625,"Beaches, Historical",Male,1,2,4.0,3.0,1.0,1.0,1.0,1.0,1.0,0,Nature & Wellness Explorer
626,"Nature, Adventure",Male,2,0,3.0,1.0,1.0,1.0,1.0,1.0,1.0,0,Nature & Wellness Explorer
627,"City, Historical",Male,2,0,1.0,3.0,1.0,1.0,1.0,1.0,1.0,0,Nature & Wellness Explorer
628,"Beaches, Historical",Female,1,2,4.0,3.0,1.0,1.0,1.0,1.0,1.0,0,Nature & Wellness Explorer
629,"Nature, Adventure",Female,2,0,3.0,1.0,1.0,1.0,1.0,1.0,1.0,0,Nature & Wellness Explorer
630,"City, Historical",Female,1,0,1.0,3.0,1.0,1.0,1.0,1.0,1.0,0,Nature & Wellness Explorer
631,"Beaches, Historical",Female,1,2,4.0,3.0,1.0,1.0,1.0,1.0,1.0,0,Nature & Wellness Explorer
632,"Nature, Adventure",Male,1,0,3.0,1.0,1.0,1.0,1.0,1.0,1.0,0,Nature & Wellness Explorer
633,"City, Historical",Male,2,0,1.0,3.0,1.0,1.0,1.0,1.0,1.0,0,Nature & Wellness Explorer
634,"Beaches, Historical",Male,2,2,4.0,3.0,1.0,1.0,1.0,1.0,1.0,0,Nature & Wellness Explorer
635,"Nature, Adventure",Male,1,0,3.0,1.0,1.0,1.0,1.0,1.0,1.0,0,Nature & Wellness Explorer
636,"City, Historical",Female,2,2,1.0,3.0,1.0,1.0,1.0,1.0,1.0,0,Nature & Wellness Explorer
637,"Beaches, Historical",Male,1,0,4.0,3.0,1.0,1.0,1.0,1.0,1.0,0,Nature & Wellness Explorer
638,"Nature, Adventure",Male,2,0,3.0,1.0,1.0,1.0,1.0,1.0,1.0,0,Nature & Wellness Explorer
639,"City, Historical",Male,1,2,1.0,3.0,1.0,1.0,1.0,1.0,1.0,0,Nature & Wellness Explorer
640,"Beaches, Historical",Male,1,1,4.0,3.0,1.0,1.0,1.0,1.0,1.0,0,Nature & Wellness Explorer
641,"Nature, Adventure",Male,2,2,3.0,1.0,1.0,1.0,1.0,1.0,1.0,0,Nature & Wellness Explorer
642,"City, Historical",Female,1,1,1.0,3.0,1.0,1.0,1.0,1.0,1.0,0,Nature & Wellness Explorer
643,"Beaches, Historical",Male,1,1,4.0,3.0,1.0,1.0,1.0,1.0,1.0,0,Nature & Wellness Explorer
644,"Nature, Adventure",Female,1,0,3.0,1.0,1.0,1.0,1.0,1.0,1.0,0,Nature & Wellness Explorer
645,"City, Historical",Female,1,2,1.0,3.0,1.0,1.0,1.0,1.0,1.0,0,Nature & Wellness Explorer
646,"Beaches, Historical",Female,1,1,4.0,3.0,1.0,1.0,1.0,1.0,1.0,0,Nature & Wellness Explorer
647,"Nature, Adventure",Female,2,1,3.0,1.0,1.0,1.0,1.0,1.0,1.0,0,Nature & Wellness Explorer
648,"City, Historical",Female,2,1,1.0,3.0,1.0,1.0,1.0,1.0,1.0,0,Nature & Wellness Explorer
649,"Beaches, Historical",Male,2,1,4.0,3.0,1.0,1.0,1.0,1.0,1.0,0,Nature & Wellness Explorer
650,"Nature, Adventure",Male,2,2,3.0,1.0,1.0,1.0,1.0,1.0,1.0,0,Nature & Wellness Explorer
651,"City, Historical",Male,2,0,1.0,3.0,1.0,1.0,1.0,1.0,1.0,0,Nature & Wellness Explorer
652,"Beaches, Historical",Female,2,0,4.0,3.0,1.0,1.0,1.0,1.0,1.0,0,Nature & Wellness Explorer
653,"Nature, Adventure",Male,2,1,3.0,1.0,1.0,1.0,1.0,1.0,1.0,0,Nature & Wellness Explorer
654,"City, Historical",Female,2,0,1.0,3.0,1.0,1.0,1.0,1.0,1.0,0,Nature & Wellness Explorer
655,"Beaches, Historical",Female,1,1,4.0,3.0,1.0,1.0,1.0,1.0,1.0,0,Nature & Wellness Explorer
656,"Nature, Adventure",Male,1,0,3.0,1.0,1.0,1.0,1.0,1.0,1.0,0,Nature & Wellness Explorer
657,"City, Historical",Male,1,0,1.0,3.0,1.0,1.0,1.0,1.0,1.0,0,Nature & Wellness Explorer
658,"Beaches, Historical",Male,1,2,4.0,3.0,1.0,1.0,1.0,1.0,1.0,0,Nature & Wellness Explorer
659,"Nature, Adventure",Male,2,1,3.0,1.0,1.0,1.0,1.0,1.0,1.0,0,Nature & Wellness Explorer
660,"City, Historical",Female,2,2,1.0,3.0,1.0,1.0,1.0,1.0,1.0,0,Nature & Wellness Explorer
661,"Beaches, Historical",Female,2,0,4.0,3.0,1.0,1.0,1.0,1.0,1.0,0,Nature & Wellness Explorer
662,"Nature, Adventure",Female,2,1,3.0,1.0,1.0,1.0,1.0,1.0,1.0,0,Nature & Wellness Explorer
663,"City, Historical",Male,1,1,1.0,3.0,1.0,1.0,1.0,1.0,1.0,0,Nature & Wellness Explorer
664,"Beaches, Historical",Female,2,1,4.0,3.0,1.0,1.0,1.0,1.0,1.0,0,Nature & Wellness Explorer
665,"Nature, Adventure",Male,1,1,3.0,1.0,1.0,1.0,1.0,1.0,1.0,0,Nature & Wellness Explorer
666,"City, Historical",Male,1,1,1.0,3.0,1.0,1.0,1.0,1.0,1.0,0,Nature & Wellness Explorer
667,"Beaches, Historical",Male,2,1,4.0,3.0,1.0,1.0,1.0,1.0,1.0,0,Nature & Wellness Explorer
668,"Nature, Adventure",Male,2,0,3.0,1.0,1.0,1.0,1.0,1.0,1.0,0,Nature & Wellness Explorer
669,"City, Historical",Male,2,1,1.0,3.0,1.0,1.0,1.0,1.0,1.0,0,Nature & Wellness Explorer
670,"Beaches, Historical",Female,1,0,4.0,3.0,1.0,1.0,1.0,1.0,1.0,0,Nature & Wellness Explorer
671,"Nature, Adventure",Male,2,2,3.0,1.0,1.0,1.0,1.0,1.0,1.0,0,Nature & Wellness Explorer
672,"City, Historical",Female,2,0,1.0,3.0,1.0,1.0,1.0,1.0,1.0,0,Nature & Wellness Explorer
673,"Beaches, Historical",Female,2,2,4.0,3.0,1.0,1.0,1.0,1.0,1.0,0,Nature & Wellness Explorer
674,"Nature, Adventure",Male,1,1,3.0,1.0,1.0,1.0,1.0,1.0,1.0,0,Nature & Wellness Explorer
675,"City, Historical",Female,2,0,1.0,3.0,1.0,1.0,1.0,1.0,1.0,0,Nature & Wellness Explorer
676,"Beaches, Historical",Male,2,0,4.0,3.0,1.0,1.0,1.0,1.0,1.0,0,Nature & Wellness Explorer
677,"Nature, Adventure",Male,2,0,3.0,1.0,1.0,1.0,1.0,1.0,1.0,0,Nature & Wellness Explorer
678,"City, Historical",Female,2,2,1.0,3.0,1.0,1.0,1.0,1.0,1.0,0,Nature & Wellness Explorer
679,"Beaches, Historical",Male,2,1,4.0,3.0,1.0,1.0,1.0,1.0,1.0,0,Nature & Wellness Explorer
680,"Nature, Adventure",Male,1,0,3.0,1.0,1.0,1.0,1.0,1.0,1.0,0,Nature & Wellness Explorer
681,"City, Historical",Female,1,2,1.0,3.0,1.0,1.0,1.0,1.0,1.0,0,Nature & Wellness Explorer
682,"Beaches, Historical",Male,2,0,4.0,3.0,1.0,1.0,1.0,1.0,1.0,0,Nature & Wellness Explorer
683,"Nature, Adventure",Female,1,0,3.0,1.0,1.0,1.0,1.0,1.0,1.0,0,Nature & Wellness Explorer
684,"City, Historical",Male,1,0,1.0,3.0,1.0,1.0,1.0,1.0,1.0,0,Nature & Wellness Explorer
685,"Beaches, Historical",Male,1,0,4.0,3.0,1.0,1.0,1.0,1.0,1.0,0,Nature & Wellness Explorer
686,"Nature, Adventure",Male,2,2,3.0,1.0,1.0,1.0,1.0,1.0,1.0,0,Nature & Wellness Explorer
687,"City, Historical",Female,1,1,1.0,3.0,1.0,1.0,1.0,1.0,1.0,0,Nature & Wellness Explorer
688,"Beaches, Historical",Female,2,1,4.0,3.0,1.0,1.0,1.0,1.0,1.0,0,Nature & Wellness Explorer
689,"Nature, Adventure",Male,1,0,3.0,1.0,1.0,1.0,1.0,1.0,1.0,0,Nature & Wellness Explorer
690,"City, Historical",Male,2,2,1.0,3.0,1.0,1.0,1.0,1.0,1.0,0,Nature & Wellness Explorer
691,"Beaches, Historical",Female,1,1,4.0,3.0,1.0,1.0,1.0,1.0,1.0,0,Nature & Wellness Explorer
692,"Nature, Adventure",Male,2,1,3.0,1.0,1.0,1.0,1.0,1.0,1.0,0,Nature & Wellness Explorer
693,"City, Historical",Male,2,0,1.0,3.0,1.0,1.0,1.0,1.0,1.0,0,Nature & Wellness Explorer
694,"Beaches, Historical",Female,1,0,4.0,3.0,1.0,1.0,1.0,1.0,1.0,0,Nature & Wellness Explorer
695,"Nature, Adventure",Female,2,2,3.0,1.0,1.0,1.0,1.0,1.0,1.0,0,Nature & Wellness Explorer
696,"City, Historical",Male,1,1,1.0,3.0,1.0,1.0,1.0,1.0,1.0,0,Nature & Wellness Explorer
697,"Beaches, Historical",Male,1,0,4.0,3.0,1.0,1.0,1.0,1.0,1.0,0,Nature & Wellness Explorer
698,"Nature, Adventure",Male,1,2,3.0,1.0,1.0,1.0,1.0,1.0,1.0,0,Nature & Wellness Explorer
699,"City, Historical",Male,2,2,1.0,3.0,1.0,1.0,1.0,1.0,1.0,0,Nature & Wellness Explorer
700,"Beaches, Historical",Male,1,2,4.0,3.0,1.0,1.0,1.0,1.0,1.0,0,Nature & Wellness Explorer
701,"Nature, Adventure",Female,2,1,3.0,1.0,1.0,1.0,1.0,1.0,1.0,0,Nature & Wellness Explorer
702,"City, Historical",Male,1,1,1.0,3.0,1.0,1.0,1.0,1.0,1.0,0,Nature & Wellness Explorer
703,"Beaches, Historical",Male,2,1,4.0,3.0,1.0,1.0,1.0,1.0,1.0,0,Nature & Wellness Explorer
704,"Nature, Adventure",Male,2,2,3.0,1.0,1.0,1.0,1.0,1.0,1.0,0,Nature & Wellness Explorer
705,"City, Historical",Female,1,2,1.0,3.0,1.0,1.0,1.0,1.0,1.0,0,Nature & Wellness Explorer
706,"Beaches, Historical",Female,2,0,4.0,3.0,1.0,1.0,1.0,1.0,1.0,0,Nature & Wellness Explorer
707,"Nature, Adventure",Female,2,0,3.0,1.0,1.0,1.0,1.0,1.0,1.0,0,Nature & Wellness Explorer
708,"City, Historical",Male,1,1,1.0,3.0,1.0,1.0,1.0,1.0,1.0,0,Nature & Wellness Explorer
709,"Beaches, Historical",Male,2,1,4.0,3.0,1.0,1.0,1.0,1.0,1.0,0,Nature & Wellness Explorer
710,"Nature, Adventure",Female,2,0,3.0,1.0,1.0,1.0,1.0,1.0,1.0,0,Nature & Wellness Explorer
711,"City, Historical",Male,2,1,1.0,3.0,1.0,1.0,1.0,1.0,1.0,0,Nature & Wellness Explorer
712,"Beaches, Historical",Female,2,0,4.0,3.0,1.0,1.0,1.0,1.0,1.0,0,Nature & Wellness Explorer
713,"Nature, Adventure",Female,2,0,3.0,1.0,1.0,1.0,1.0,1.0,1.0,0,Nature & Wellness Explorer
714,"City, Historical",Male,1,0,1.0,3.0,1.0,1.0,1.0,1.0,1.0,0,Nature & Wellness Explorer
715,"Beaches, Historical",Female,1,2,4.0,3.0,1.0,1.0,1.0,1.0,1.0,0,Nature & Wellness Explorer
716,"Nature, Adventure",Female,2,1,3.0,1.0,1.0,1.0,1.0,1.0,1.0,0,Nature & Wellness Explorer
717,"City, Historical",Female,2,2,1.0,3.0,1.0,1.0,1.0,1.0,1.0,0,Nature & Wellness Explorer
718,"Beaches, Historical",Male,2,1,4.0,3.0,1.0,1.0,1.0,1.0,1.0,0,Nature & Wellness Explorer
719,"Nature, Adventure",Female,2,2,3.0,1.0,1.0,1.0,1.0,1.0,1.0,0,Nature & Wellness Explorer
720,"City, Historical",Female,1,1,1.0,3.0,1.0,1.0,1.0,1.0,1.0,0,Nature & Wellness Explorer
721,"Beaches, Historical",Male,2,1,4.0,3.0,1.0,1.0,1.0,1.0,1.0,0,Nature & Wellness Explorer
722,"Nature, Adventure",Female,1,0,3.0,1.0,1.0,1.0,1.0,1.0,1.0,0,Nature & Wellness Explorer
723,"City, Historical",Female,1,2,1.0,3.0,1.0,1.0,1.0,1.0,1.0,0,Nature & Wellness Explorer
724,"Beaches, Historical",Female,2,2,4.0,3.0,1.0,1.0,1.0,1.0,1.0,0,Nature & Wellness Explorer
725,"Nature, Adventure",Male,1,1,3.0,1.0,1.0,1.0,1.0,1.0,1.0,0,Nature & Wellness Explorer
726,"City, Historical",Male,2,2,1.0,3.0,1.0,1.0,1.0,1.0,1.0,0,Nature & Wellness Explorer
727,"Beaches, Historical",Female,1,1,4.0,3.0,1.0,1.0,1.0,1.0,1.0,0,Nature & Wellness Explorer
728,"Nature, Adventure",Female,2,1,3.0,1.0,1.0,1.0,1.0,1.0,1.0,0,Nature & Wellness Explorer
729,"City, Historical",Female,2,0,1.0,3.0,1.0,1.0,1.0,1.0,1.0,0,Nature & Wellness Explorer
730,"Beaches, Historical",Female,1,1,4.0,3.0,1.0,1.0,1.0,1.0,1.0,0,Nature & Wellness Explorer
731,"Nature, Adventure",Female,2,2,3.0,1.0,1.0,1.0,1.0,1.0,1.0,0,Nature & Wellness Explorer
732,"City, Historical",Male,2,0,1.0,3.0,1.0,1.0,1.0,1.0,1.0,0,Nature & Wellness Explorer
733,"Beaches, Historical",Female,1,1,4.0,3.0,1.0,1.0,1.0,1.0,1.0,0,Nature & Wellness Explorer
734,"Nature, Adventure",Male,2,0,3.0,1.0,1.0,1.0,1.0,1.0,1.0,0,Nature & Wellness Explorer
735,"City, Historical",Female,1,0,1.0,3.0,1.0,1.0,1.0,1.0,1.0,0,Nature & Wellness Explorer
736,"Beaches, Historical",Male,1,1,4.0,3.0,1.0,1.0,1.0,1.0,1.0,0,Nature & Wellness Explorer
737,"Nature, Adventure",Female,1,2,3.0,1.0,1.0,1.0,1.0,1.0,1.0,0,Nature & Wellness Explorer
738,"City, Historical",Female,1,1,1.0,3.0,1.0,1.0,1.0,1.0,1.0,0,Nature & Wellness Explorer
739,"Beaches, Historical",Male,2,1,4.0,3.0,1.0,1.0,1.0,1.0,1.0,0,Nature & Wellness Explorer
740,"Nature, Adventure",Female,1,1,3.0,1.0,1.0,1.0,1.0,1.0,1.0,0,Nature & Wellness Explorer
741,"City, Historical",Female,1,1,1.0,3.0,1.0,1.0,1.0,1.0,1.0,0,Nature & Wellness Explorer
742,"Beaches, Historical",Female,2,1,4.0,3.0,1.0,1.0,1.0,1.0,1.0,0,Nature & Wellness Explorer
743,"Nature, Adventure",Female,1,2,3.0,1.0,1.0,1.0,1.0,1.0,1.0,0,Nature & Wellness Explorer
744,"City, Historical",Female,1,0,1.0,3.0,1.0,1.0,1.0,1.0,1.0,0,Nature & Wellness Explorer
745,"Beaches, Historical",Female,1,2,4.0,3.0,1.0,1.0,1.0,1.0,1.0,0,Nature & Wellness Explorer
746,"Nature, Adventure",Female,2,1,3.0,1.0,1.0,1.0,1.0,1.0,1.0,0,Nature & Wellness Explorer
747,"City, Historical",Female,1,0,1.0,3.0,1.0,1.0,1.0,1.0,1.0,0,Nature & Wellness Explorer
748,"Beaches, Historical",Male,2,0,4.0,3.0,1.0,1.0,1.0,1.0,1.0,0,Nature & Wellness Explorer
749,"Nature, Adventure",Female,1,0,3.0,1.0,1.0,1.0,1.0,1.0,1.0,0,Nature & Wellness Explorer
750,"City, Historical",Male,1,2,1.0,3.0,1.0,1.0,1.0,1.0,1.0,0,Nature & Wellness Explorer
751,"Beaches, Historical",Female,1,2,4.0,3.0,1.0,1.0,1.0,1.0,1.0,0,Nature & Wellness Explorer
752,"Nature, Adventure",Male,1,2,3.0,1.0,1.0,1.0,1.0,1.0,1.0,0,Nature & Wellness Explorer
753,"City, Historical",Female,2,1,1.0,3.0,1.0,1.0,1.0,1.0,1.0,0,Nature & Wellness Explorer
754,"Beaches, Historical",Male,2,2,4.0,3.0,1.0,1.0,1.0,1.0,1.0,0,Nature & Wellness Explorer
755,"Nature, Adventure",Male,2,2,3.0,1.0,1.0,1.0,1.0,1.0,1.0,0,Nature & Wellness Explorer
756,"City, Historical",Male,1,2,1.0,3.0,1.0,1.0,1.0,1.0,1.0,0,Nature & Wellness Explorer
757,"Beaches, Historical",Male,1,0,4.0,3.0,1.0,1.0,1.0,1.0,1.0,0,Nature & Wellness Explorer
758,"Nature, Adventure",Male,2,0,3.0,1.0,1.0,1.0,1.0,1.0,1.0,0,Nature & Wellness Explorer
759,"City, Historical",Female,2,1,1.0,3.0,1.0,1.0,1.0,1.0,1.0,0,Nature & Wellness Explorer
760,"Beaches, Historical",Female,1,0,4.0,3.0,1.0,1.0,1.0,1.0,1.0,0,Nature & Wellness Explorer
761,"Nature, Adventure",Male,2,1,3.0,1.0,1.0,1.0,1.0,1.0,1.0,0,Nature & Wellness Explorer
762,"City, Historical",Female,2,0,1.0,3.0,1.0,1.0,1.0,1.0,1.0,0,Nature & Wellness Explorer
763,"Beaches, Historical",Female,1,1,4.0,3.0,1.0,1.0,1.0,1.0,1.0,0,Nature & Wellness Explorer
764,"Nature, Adventure",Female,2,1,3.0,1.0,1.0,1.0,1.0,1.0,1.0,0,Nature & Wellness Explorer
765,"City, Historical",Male,2,0,1.0,3.0,1.0,1.0,1.0,1.0,1.0,0,Nature & Wellness Explorer
766,"Beaches, Historical",Female,1,0,4.0,3.0,1.0,1.0,1.0,1.0,1.0,0,Nature & Wellness Explorer
767,"Nature, Adventure",Female,2,2,3.0,1.0,1.0,1.0,1.0,1.0,1.0,0,Nature & Wellness Explorer
768,"City, Historical",Female,1,2,1.0,3.0,1.0,1.0,1.0,1.0,1.0,0,Nature & Wellness Explorer
769,"Beaches, Historical",Female,2,1,4.0,3.0,1.0,1.0,1.0,1.0,1.0,0,Nature & Wellness Explorer
770,"Nature, Adventure",Female,2,1,3.0,1.0,1.0,1.0,1.0,1.0,1.0,0,Nature & Wellness Explorer
771,"City, Historical",Male,1,1,1.0,3.0,1.0,1.0,1.0,1.0,1.0,0,Nature & Wellness Explorer
772,"Beaches, Historical",Male,1,0,4.0,3.0,1.0,1.0,1.0,1.0,1.0,0,Nature & Wellness Explorer
773,"Nature, Adventure",Male,1,0,3.0,1.0,1.0,1.0,1.0,1.0,1.0,0,Nature & Wellness Explorer
774,"City, Historical",Male,1,2,1.0,3.0,1.0,1.0,1.0,1.0,1.0,0,Nature & Wellness Explorer
775,"Beaches, Historical",Male,2,0,4.0,3.0,1.0,1.0,1.0,1.0,1.0,0,Nature & Wellness Explorer
776,"Nature, Adventure",Male,2,1,3.0,1.0,1.0,1.0,1.0,1.0,1.0,0,Nature & Wellness Explorer
777,"City, Historical",Male,1,2,1.0,3.0,1.0,1.0,1.0,1.0,1.0,0,Nature & Wellness Explorer
778,"Beaches, Historical",Female,1,0,4.0,3.0,1.0,1.0,1.0,1.0,1.0,0,Nature & Wellness Explorer
779,"Nature, Adventure",Female,2,1,3.0,1.0,1.0,1.0,1.0,1.0,1.0,0,Nature & Wellness Explorer
780,"City, Historical",Female,2,0,1.0,3.0,1.0,1.0,1.0,1.0,1.0,0,Nature & Wellness Explorer
781,"Beaches, Historical",Female,1,0,4.0,3.0,1.0,1.0,1.0,1.0,1.0,0,Nature & Wellness Explorer
782,"Nature, Adventure",Male,1,0,3.0,1.0,1.0,1.0,1.0,1.0,1.0,0,Nature & Wellness Explorer
783,"City, Historical",Male,1,1,1.0,3.0,1.0,1.0,1.0,1.0,1.0,0,Nature & Wellness Explorer
784,"Beaches, Historical",Male,2,1,4.0,3.0,1.0,1.0,1.0,1.0,1.0,0,Nature & Wellness Explorer
785,"Nature, Adventure",Male,1,0,3.0,1.0,1.0,1.0,1.0,1.0,1.0,0,Nature & Wellness Explorer
786,"City, Historical",Female,2,1,1.0,3.0,1.0,1.0,1.0,1.0,1.0,0,Nature & Wellness Explorer
787,"Beaches, Historical",Male,1,0,4.0,3.0,1.0,1.0,1.0,1.0,1.0,0,Nature & Wellness Explorer
788,"Nature, Adventure",Female,1,2,3.0,1.0,1.0,1.0,1.0,1.0,1.0,0,Nature & Wellness Explorer
789,"City, Historical",Male,2,1,1.0,3.0,1.0,1.0,1.0,1.0,1.0,0,Nature & Wellness Explorer
790,"Beaches, Historical",Male,1,0,4.0,3.0,1.0,1.0,1.0,1.0,1.0,0,Nature & Wellness Explorer
791,"Nature, Adventure",Male,1,0,3.0,1.0,1.0,1.0,1.0,1.0,1.0,0,Nature & Wellness Explorer
792,"City, Historical",Male,1,0,1.0,3.0,1.0,1.0,1.0,1.0,1.0,0,Nature & Wellness Explorer
793,"Beaches, Historical",Male,2,2,4.0,3.0,1.0,1.0,1.0,1.0,1.0,0,Nature & Wellness Explorer
794,"Nature, Adventure",Female,2,1,3.0,1.0,1.0,1.0,1.0,1.0,1.0,0,Nature & Wellness Explorer
795,"City, Historical",Male,1,0,1.0,3.0,1.0,1.0,1.0,1.0,1.0,0,Nature & Wellness Explorer
796,"Beaches, Historical",Female,1,0,4.0,3.0,1.0,1.0,1.0,1.0,1.0,0,Nature & Wellness Explorer
797,"Nature, Adventure",Female,1,0,3.0,1.0,1.0,1.0,1.0,1.0,1.0,0,Nature & Wellness Explorer
798,"City, Historical",Male,2,1,1.0,3.0,1.0,1.0,1.0,1.0,1.0,0,Nature & Wellness Explorer
799,"Beaches, Historical",Female,1,2,4.0,3.0,1.0,1.0,1.0,1.0,1.0,0,Nature & Wellness Explorer
800,"Nature, Adventure",Female,1,2,3.0,1.0,1.0,1.0,1.0,1.0,1.0,0,Nature & Wellness Explorer
801,"City, Historical",Female,2,0,1.0,3.0,1.0,1.0,1.0,1.0,1.0,0,Nature & Wellness Explorer
802,"Beaches, Historical",Male,1,0,4.0,3.0,1.0,1.0,1.0,1.0,1.0,0,Nature & Wellness Explorer
803,"Nature, Adventure",Female,2,1,3.0,1.0,1.0,1.0,1.0,1.0,1.0,0,Nature & Wellness Explorer
804,"City, Historical",Female,1,0,1.0,3.0,1.0,1.0,1.0,1.0,1.0,0,Nature & Wellness Explorer
805,"Beaches, Historical",Male,1,2,4.0,3.0,1.0,1.0,1.0,1.0,1.0,0,Nature & Wellness Explorer
806,"Nature, Adventure",Male,2,1,3.0,1.0,1.0,1.0,1.0,1.0,1.0,0,Nature & Wellness Explorer
807,"City, Historical",Female,2,1,1.0,3.0,1.0,1.0,1.0,1.0,1.0,0,Nature & Wellness Explorer
808,"Beaches, Historical",Female,1,0,4.0,3.0,1.0,1.0,1.0,1.0,1.0,0,Nature & Wellness Explorer
809,"Nature, Adventure",Male,1,2,3.0,1.0,1.0,1.0,1.0,1.0,1.0,0,Nature & Wellness Explorer
810,"City, Historical",Female,2,1,1.0,3.0,1.0,1.0,1.0,1.0,1.0,0,Nature & Wellness Explorer
811,"Beaches, Historical",Male,2,1,4.0,3.0,1.0,1.0,1.0,1.0,1.0,0,Nature & Wellness Explorer
812,"Nature, Adventure",Male,2,0,3.0,1.0,1.0,1.0,1.0,1.0,1.0,0,Nature & Wellness Explorer
813,"City, Historical",Male,1,2,1.0,3.0,1.0,1.0,1.0,1.0,1.0,0,Nature & Wellness Explorer
814,"Beaches, Historical",Male,1,2,4.0,3.0,1.0,1.0,1.0,1.0,1.0,0,Nature & Wellness Explorer
815,"Nature, Adventure",Male,1,1,3.0,1.0,1.0,1.0,1.0,1.0,1.0,0,Nature & Wellness Explorer
816,"City, Historical",Male,1,2,1.0,3.0,1.0,1.0,1.0,1.0,1.0,0,Nature & Wellness Explorer
817,"Beaches, Historical",Female,1,0,4.0,3.0,1.0,1.0,1.0,1.0,1.0,0,Nature & Wellness Explorer
818,"Nature, Adventure",Female,2,0,3.0,1.0,1.0,1.0,1.0,1.0,1.0,0,Nature & Wellness Explorer
819,"City, Historical",Female,1,1,1.0,3.0,1.0,1.0,1.0,1.0,1.0,0,Nature & Wellness Explorer
820,"Beaches, Historical",Male,1,1,4.0,3.0,1.0,1.0,1.0,1.0,1.0,0,Nature & Wellness Explorer
821,"Nature, Adventure",Male,1,2,3.0,1.0,1.0,1.0,1.0,1.0,1.0,0,Nature & Wellness Explorer
822,"City, Historical",Female,1,0,1.0,3.0,1.0,1.0,1.0,1.0,1.0,0,Nature & Wellness Explorer
823,"Beaches, Historical",Female,1,2,4.0,3.0,1.0,1.0,1.0,1.0,1.0,0,Nature & Wellness Explorer
824,"Nature, Adventure",Male,2,2,3.0,1.0,1.0,1.0,1.0,1.0,1.0,0,Nature & Wellness Explorer
825,"City, Historical",Female,2,1,1.0,3.0,1.0,1.0,1.0,1.0,1.0,0,Nature & Wellness Explorer
826,"Beaches, Historical",Female,2,0,4.0,3.0,1.0,1.0,1.0,1.0,1.0,0,Nature & Wellness Explorer
827,"Nature, Adventure",Male,2,0,3.0,1.0,1.0,1.0,1.0,1.0,1.0,0,Nature & Wellness Explorer
828,"City, Historical",Female,2,2,1.0,3.0,1.0,1.0,1.0,1.0,1.0,0,Nature & Wellness Explorer
829,"Beaches, Historical",Female,1,0,4.0,3.0,1.0,1.0,1.0,1.0,1.0,0,Nature & Wellness Explorer
830,"Nature, Adventure",Male,1,0,3.0,1.0,1.0,1.0,1.0,1.0,1.0,0,Nature & Wellness Explorer
831,"City, Historical",Female,2,2,1.0,3.0,1.0,1.0,1.0,1.0,1.0,0,Nature & Wellness Explorer
832,"Beaches, Historical",Female,2,1,4.0,3.0,1.0,1.0,1.0,1.0,1.0,0,Nature & Wellness Explorer
833,"Nature, Adventure",Female,2,1,3.0,1.0,1.0,1.0,1.0,1.0,1.0,0,Nature & Wellness Explorer
834,"City, Historical",Male,2,1,1.0,3.0,1.0,1.0,1.0,1.0,1.0,0,Nature & Wellness Explorer
835,"Beaches, Historical",Female,2,2,4.0,3.0,1.0,1.0,1.0,1.0,1.0,0,Nature & Wellness Explorer
836,"Nature, Adventure",Female,2,0,3.0,1.0,1.0,1.0,1.0,1.0,1.0,0,Nature & Wellness Explorer
837,"City, Historical",Female,2,2,1.0,3.0,1.0,1.0,1.0,1.0,1.0,0,Nature & Wellness Explorer
838,"Beaches, Historical",Female,2,2,4.0,3.0,1.0,1.0,1.0,1.0,1.0,0,Nature & Wellness Explorer
839,"Nature, Adventure",Female,1,1,3.0,1.0,1.0,1.0,1.0,1.0,1.0,0,Nature & Wellness Explorer
840,"City, Historical",Female,1,0,1.0,3.0,1.0,1.0,1.0,1.0,1.0,0,Nature & Wellness Explorer
841,"Beaches, Historical",Female,1,1,4.0,3.0,1.0,1.0,1.0,1.0,1.0,0,Nature & Wellness Explorer
842,"Nature, Adventure",Male,2,0,3.0,1.0,1.0,1.0,1.0,1.0,1.0,0,Nature & Wellness Explorer
843,"City, Historical",Male,2,0,1.0,3.0,1.0,1.0,1.0,1.0,1.0,0,Nature & Wellness Explorer
844,"Beaches, Historical",Male,2,1,4.0,3.0,1.0,1.0,1.0,1.0,1.0,0,Nature & Wellness Explorer
845,"Nature, Adventure",Female,2,1,3.0,1.0,1.0,1.0,1.0,1.0,1.0,0,Nature & Wellness Explorer
846,"City, Historical",Male,1,2,1.0,3.0,1.0,1.0,1.0,1.0,1.0,0,Nature & Wellness Explorer
847,"Beaches, Historical",Female,1,0,4.0,3.0,1.0,1.0,1.0,1.0,1.0,0,Nature & Wellness Explorer
848,"Nature, Adventure",Female,2,0,3.0,1.0,1.0,1.0,1.0,1.0,1.0,0,Nature & Wellness Explorer
849,"City, Historical",Female,1,0,1.0,3.0,1.0,1.0,1.0,1.0,1.0,0,Nature & Wellness Explorer
850,"Beaches, Historical",Male,2,0,4.0,3.0,1.0,1.0,1.0,1.0,1.0,0,Nature & Wellness Explorer
851,"Nature, Adventure",Female,2,0,3.0,1.0,1.0,1.0,1.0,1.0,1.0,0,Nature & Wellness Explorer
852,"City, Historical",Male,2,2,1.0,3.0,1.0,1.0,1.0,1.0,1.0,0,Nature & Wellness Explorer
853,"Beaches, Historical",Male,2,0,4.0,3.0,1.0,1.0,1.0,1.0,1.0,0,Nature & Wellness Explorer
854,"Nature, Adventure",Female,2,2,3.0,1.0,1.0,1.0,1.0,1.0,1.0,0,Nature & Wellness Explorer
855,"City, Historical",Female,1,1,1.0,3.0,1.0,1.0,1.0,1.0,1.0,0,Nature & Wellness Explorer
856,"Beaches, Historical",Female,1,2,4.0,3.0,1.0,1.0,1.0,1.0,1.0,0,Nature & Wellness Explorer
857,"Nature, Adventure",Male,1,2,3.0,1.0,1.0,1.0,1.0,1.0,1.0,0,Nature & Wellness Explorer
858,"City, Historical",Male,1,2,1.0,3.0,1.0,1.0,1.0,1.0,1.0,0,Nature & Wellness Explorer
859,"Beaches, Historical",Male,2,1,4.0,3.0,1.0,1.0,1.0,1.0,1.0,0,Nature & Wellness Explorer
860,"Nature, Adventure",Male,1,0,3.0,1.0,1.0,1.0,1.0,1.0,1.0,0,Nature & Wellness Explorer
861,"City, Historical",Male,1,2,1.0,3.0,1.0,1.0,1.0,1.0,1.0,0,Nature & Wellness Explorer
862,"Beaches, Historical",Male,1,1,4.0,3.0,1.0,1.0,1.0,1.0,1.0,0,Nature & Wellness Explorer
863,"Nature, Adventure",Male,1,2,3.0,1.0,1.0,1.0,1.0,1.0,1.0,0,Nature & Wellness Explorer
864,"City, Historical",Female,2,2,1.0,3.0,1.0,1.0,1.0,1.0,1.0,0,Nature & Wellness Explorer
865,"Beaches, Historical",Male,2,1,4.0,3.0,1.0,1.0,1.0,1.0,1.0,0,Nature & Wellness Explorer
866,"Nature, Adventure",Male,2,2,3.0,1.0,1.0,1.0,1.0,1.0,1.0,0,Nature & Wellness Explorer
867,"City, Historical",Male,2,2,1.0,3.0,1.0,1.0,1.0,1.0,1.0,0,Nature & Wellness Explorer
868,"Beaches, Historical",Female,2,0,4.0,3.0,1.0,1.0,1.0,1.0,1.0,0,Nature & Wellness Explorer
869,"Nature, Adventure",Male,1,1,3.0,1.0,1.0,1.0,1.0,1.0,1.0,0,Nature & Wellness Explorer
870,"City, Historical",Female,2,2,1.0,3.0,1.0,1.0,1.0,1.0,1.0,0,Nature & Wellness Explorer
871,"Beaches, Historical",Male,1,1,4.0,3.0,1.0,1.0,1.0,1.0,1.0,0,Nature & Wellness Explorer
872,"Nature, Adventure",Male,1,1,3.0,1.0,1.0,1.0,1.0,1.0,1.0,0,Nature & Wellness Explorer
873,"City, Historical",Female,2,0,1.0,3.0,1.0,1.0,1.0,1.0,1.0,0,Nature & Wellness Explorer
874,"Beaches, Historical",Male,2,0,4.0,3.0,1.0,1.0,1.0,1.0,1.0,0,Nature & Wellness Explorer
875,"Nature, Adventure",Male,2,0,3.0,1.0,1.0,1.0,1.0,1.0,1.0,0,Nature & Wellness Explorer
876,"City, Historical",Male,2,2,1.0,3.0,1.0,1.0,1.0,1.0,1.0,0,Nature & Wellness Explorer
877,"Beaches, Historical",Female,2,2,4.0,3.0,1.0,1.0,1.0,1.0,1.0,0,Nature & Wellness Explorer
878,"Nature, Adventure",Female,1,2,3.0,1.0,1.0,1.0,1.0,1.0,1.0,0,Nature & Wellness Explorer
879,"City, Historical",Female,1,2,1.0,3.0,1.0,1.0,1.0,1.0,1.0,0,Nature & Wellness Explorer
880,"Beaches, Historical",Male,2,2,4.0,3.0,1.0,1.0,1.0,1.0,1.0,0,Nature & Wellness Explorer
881,"Nature, Adventure",Male,1,2,3.0,1.0,1.0,1.0,1.0,1.0,1.0,0,Nature & Wellness Explorer
882,"City, Historical",Male,1,1,1.0,3.0,1.0,1.0,1.0,1.0,1.0,0,Nature & Wellness Explorer
883,"Beaches, Historical",Female,2,1,4.0,3.0,1.0,1.0,1.0,1.0,1.0,0,Nature & Wellness Explorer
884,"Nature, Adventure",Male,2,0,3.0,1.0,1.0,1.0,1.0,1.0,1.0,0,Nature & Wellness Explorer
885,"City, Historical",Male,2,2,1.0,3.0,1.0,1.0,1.0,1.0,1.0,0,Nature & Wellness Explorer
886,"Beaches, Historical",Male,1,1,4.0,3.0,1.0,1.0,1.0,1.0,1.0,0,Nature & Wellness Explorer
887,"Nature, Adventure",Female,1,0,3.0,1.0,1.0,1.0,1.0,1.0,1.0,0,Nature & Wellness Explorer
888,"City, Historical",Female,2,0,1.0,3.0,1.0,1.0,1.0,1.0,1.0,0,Nature & Wellness Explorer
889,"Beaches, Historical",Male,2,0,4.0,3.0,1.0,1.0,1.0,1.0,1.0,0,Nature & Wellness Explorer
890,"Nature, Adventure",Male,1,0,3.0,1.0,1.0,1.0,1.0,1.0,1.0,0,Nature & Wellness Explorer
891,"City, Historical",Male,1,1,1.0,3.0,1.0,1.0,1.0,1.0,1.0,0,Nature & Wellness Explorer
892,"Beaches, Historical",Female,1,1,4.0,3.0,1.0,1.0,1.0,1.0,1.0,0,Nature & Wellness Explorer
893,"Nature, Adventure",Male,2,1,3.0,1.0,1.0,1.0,1.0,1.0,1.0,0,Nature & Wellness Explorer
894,"City, Historical",Female,2,0,1.0,3.0,1.0,1.0,1.0,1.0,1.0,0,Nature & Wellness Explorer
895,"Beaches, Historical",Female,1,0,4.0,3.0,1.0,1.0,1.0,1.0,1.0,0,Nature & Wellness Explorer
896,"Nature, Adventure",Female,2,2,3.0,1.0,1.0,1.0,1.0,1.0,1.0,0,Nature & Wellness Explorer
897,"City, Historical",Female,1,2,1.0,3.0,1.0,1.0,1.0,1.0,1.0,0,Nature & Wellness Explorer
898,"Beaches, Historical",Female,2,0,4.0,3.0,1.0,1.0,1.0,1.0,1.0,0,Nature & Wellness Explorer
899,"Nature, Adventure",Female,1,1,3.0,1.0,1.0,1.0,1.0,1.0,1.0,0,Nature & Wellness Explorer
900,"City, Historical",Female,2,0,1.0,3.0,1.0,1.0,1.0,1.0,1.0,0,Nature & Wellness Explorer
901,"Beaches, Historical",Female,2,2,4.0,3.0,1.0,1.0,1.0,1.0,1.0,0,Nature & Wellness Explorer
902,"Nature, Adventure",Female,2,2,3.0,1.0,1.0,1.0,1.0,1.0,1.0,0,Nature & Wellness Explorer
903,"City, Historical",Male,2,1,1.0,3.0,1.0,1.0,1.0,1.0,1.0,0,Nature & Wellness Explorer
904,"Beaches, Historical",Male,1,0,4.0,3.0,1.0,1.0,1.0,1.0,1.0,0,Nature & Wellness Explorer
905,"Nature, Adventure",Female,1,2,3.0,1.0,1.0,1.0,1.0,1.0,1.0,0,Nature & Wellness Explorer
906,"City, Historical",Male,1,1,1.0,3.0,1.0,1.0,1.0,1.0,1.0,0,Nature & Wellness Explorer
907,"Beaches, Historical",Female,2,2,4.0,3.0,1.0,1.0,1.0,1.0,1.0,0,Nature & Wellness Explorer
908,"Nature, Adventure",Female,2,1,3.0,1.0,1.0,1.0,1.0,1.0,1.0,0,Nature & Wellness Explorer
909,"City, Historical",Male,2,2,1.0,3.0,1.0,1.0,1.0,1.0,1.0,0,Nature & Wellness Explorer
910,"Beaches, Historical",Male,2,2,4.0,3.0,1.0,1.0,1.0,1.0,1.0,0,Nature & Wellness Explorer
911,"Nature, Adventure",Female,1,0,3.0,1.0,1.0,1.0,1.0,1.0,1.0,0,Nature & Wellness Explorer
912,"City, Historical",Male,1,1,1.0,3.0,1.0,1.0,1.0,1.0,1.0,0,Nature & Wellness Explorer
913,"Beaches, Historical",Male,1,1,4.0,3.0,1.0,1.0,1.0,1.0,1.0,0,Nature & Wellness Explorer
914,"Nature, Adventure",Male,1,2,3.0,1.0,1.0,1.0,1.0,1.0,1.0,0,Nature & Wellness Explorer
915,"City, Historical",Male,1,0,1.0,3.0,1.0,1.0,1.0,1.0,1.0,0,Nature & Wellness Explorer
916,"Beaches, Historical",Female,1,2,4.0,3.0,1.0,1.0,1.0,1.0,1.0,0,Nature & Wellness Explorer
917,"Nature, Adventure",Female,2,2,3.0,1.0,1.0,1.0,1.0,1.0,1.0,0,Nature & Wellness Explorer
918,"City, Historical",Male,2,2,1.0,3.0,1.0,1.0,1.0,1.0,1.0,0,Nature & Wellness Explorer
919,"Beaches, Historical",Female,1,1,4.0,3.0,1.0,1.0,1.0,1.0,1.0,0,Nature & Wellness Explorer
920,"Nature, Adventure",Female,2,0,3.0,1.0,1.0,1.0,1.0,1.0,1.0,0,Nature & Wellness Explorer
921,"City, Historical",Male,1,2,1.0,3.0,1.0,1.0,1.0,1.0,1.0,0,Nature & Wellness Explorer
922,"Beaches, Historical",Male,1,2,4.0,3.0,1.0,1.0,1.0,1.0,1.0,0,Nature & Wellness Explorer
923,"Nature, Adventure",Female,2,2,3.0,1.0,1.0,1.0,1.0,1.0,1.0,0,Nature & Wellness Explorer
924,"City, Historical",Female,1,1,1.0,3.0,1.0,1.0,1.0,1.0,1.0,0,Nature & Wellness Explorer
925,"Beaches, Historical",Male,2,2,4.0,3.0,1.0,1.0,1.0,1.0,1.0,0,Nature & Wellness Explorer
926,"Nature, Adventure",Female,1,1,3.0,1.0,1.0,1.0,1.0,1.0,1.0,0,Nature & Wellness Explorer
927,"City, Historical",Male,1,1,1.0,3.0,1.0,1.0,1.0,1.0,1.0,0,Nature & Wellness Explorer
928,"Beaches, Historical",Female,1,1,4.0,3.0,1.0,1.0,1.0,1.0,1.0,0,Nature & Wellness Explorer
929,"Nature, Adventure",Male,1,1,3.0,1.0,1.0,1.0,1.0,1.0,1.0,0,Nature & Wellness Explorer
930,"City, Historical",Male,2,1,1.0,3.0,1.0,1.0,1.0,1.0,1.0,0,Nature & Wellness Explorer
931,"Beaches, Historical",Male,1,0,4.0,3.0,1.0,1.0,1.0,1.0,1.0,0,Nature & Wellness Explorer
932,"Nature, Adventure",Female,1,1,3.0,1.0,1.0,1.0,1.0,1.0,1.0,0,Nature & Wellness Explorer
933,"City, Historical",Male,2,1,1.0,3.0,1.0,1.0,1.0,1.0,1.0,0,Nature & Wellness Explorer
934,"Beaches, Historical",Female,2,2,4.0,3.0,1.0,1.0,1.0,1.0,1.0,0,Nature & Wellness Explorer
935,"Nature, Adventure",Female,1,0,3.0,1.0,1.0,1.0,1.0,1.0,1.0,0,Nature & Wellness Explorer
936,"City, Historical",Male,1,0,1.0,3.0,1.0,1.0,1.0,1.0,1.0,0,Nature & Wellness Explorer
937,"Beaches, Historical",Female,2,2,4.0,3.0,1.0,1.0,1.0,1.0,1.0,0,Nature & Wellness Explorer
938,"Nature, Adventure",Female,1,1,3.0,1.0,1.0,1.0,1.0,1.0,1.0,0,Nature & Wellness Explorer
939,"City, Historical",Female,2,0,1.0,3.0,1.0,1.0,1.0,1.0,1.0,0,Nature & Wellness Explorer
940,"Beaches, Historical",Female,1,1,4.0,3.0,1.0,1.0,1.0,1.0,1.0,0,Nature & Wellness Explorer
941,"Nature, Adventure",Male,2,2,3.0,1.0,1.0,1.0,1.0,1.0,1.0,0,Nature & Wellness Explorer
942,"City, Historical",Male,1,0,1.0,3.0,1.0,1.0,1.0,1.0,1.0,0,Nature & Wellness Explorer
943,"Beaches, Historical",Male,2,1,4.0,3.0,1.0,1.0,1.0,1.0,1.0,0,Nature & Wellness Explorer
944,"Nature, Adventure",Female,2,0,3.0,1.0,1.0,1.0,1.0,1.0,1.0,0,Nature & Wellness Explorer
945,"City, Historical",Male,2,0,1.0,3.0,1.0,1.0,1.0,1.0,1.0,0,Nature & Wellness Explorer
946,"Beaches, Historical",Male,1,1,4.0,3.0,1.0,1.0,1.0,1.0,1.0,0,Nature & Wellness Explorer
947,"Nature, Adventure",Female,2,1,3.0,1.0,1.0,1.0,1.0,1.0,1.0,0,Nature & Wellness Explorer
948,"City, Historical",Male,1,0,1.0,3.0,1.0,1.0,1.0,1.0,1.0,0,Nature & Wellness Explorer
949,"Beaches, Historical",Female,2,2,4.0,3.0,1.0,1.0,1.0,1.0,1.0,0,Nature & Wellness Explorer
950,"Nature, Adventure",Male,2,0,3.0,1.0,1.0,1.0,1.0,1.0,1.0,0,Nature & Wellness Explorer
951,"City, Historical",Male,1,2,1.0,3.0,1.0,1.0,1.0,1.0,1.0,0,Nature & Wellness Explorer
952,"Beaches, Historical",Female,1,0,4.0,3.0,1.0,1.0,1.0,1.0,1.0,0,Nature & Wellness Explorer
953,"Nature, Adventure",Female,1,1,3.0,1.0,1.0,1.0,1.0,1.0,1.0,0,Nature & Wellness Explorer
954,"City, Historical",Male,2,2,1.0,3.0,1.0,1.0,1.0,1.0,1.0,0,Nature & Wellness Explorer
955,"Beaches, Historical",Female,2,2,4.0,3.0,1.0,1.0,1.0,1.0,1.0,0,Nature & Wellness Explorer
956,"Nature, Adventure",Male,1,0,3.0,1.0,1.0,1.0,1.0,1.0,1.0,0,Nature & Wellness Explorer
957,"City, Historical",Female,1,0,1.0,3.0,1.0,1.0,1.0,1.0,1.0,0,Nature & Wellness Explorer
958,"Beaches, Historical",Male,1,2,4.0,3.0,1.0,1.0,1.0,1.0,1.0,0,Nature & Wellness Explorer
959,"Nature, Adventure",Male,1,1,3.0,1.0,1.0,1.0,1.0,1.0,1.0,0,Nature & Wellness Explorer
960,"City, Historical",Male,1,2,1.0,3.0,1.0,1.0,1.0,1.0,1.0,0,Nature & Wellness Explorer
961,"Beaches, Historical",Female,1,2,4.0,3.0,1.0,1.0,1.0,1.0,1.0,0,Nature & Wellness Explorer
962,"Nature, Adventure",Female,2,1,3.0,1.0,1.0,1.0,1.0,1.0,1.0,0,Nature & Wellness Explorer
963,"City, Historical",Male,1,1,1.0,3.0,1.0,1.0,1.0,1.0,1.0,0,Nature & Wellness Explorer
964,"Beaches, Historical",Female,1,0,4.0,3.0,1.0,1.0,1.0,1.0,1.0,0,Nature & Wellness Explorer
965,"Nature, Adventure",Male,1,0,3.0,1.0,1.0,1.0,1.0,1.0,1.0,0,Nature & Wellness Explorer
966,"City, Historical",Female,1,0,1.0,3.0,1.0,1.0,1.0,1.0,1.0,0,Nature & Wellness Explorer
967,"Beaches, Historical",Female,2,1,4.0,3.0,1.0,1.0,1.0,1.0,1.0,0,Nature & Wellness Explorer
968,"Nature, Adventure",Female,1,2,3.0,1.0,1.0,1.0,1.0,1.0,1.0,0,Nature & Wellness Explorer
969,"City, Historical",Male,1,1,1.0,3.0,1.0,1.0,1.0,1.0,1.0,0,Nature & Wellness Explorer
970,"Beaches, Historical",Female,1,0,4.0,3.0,1.0,1.0,1.0,1.0,1.0,0,Nature & Wellness Explorer
971,"Nature, Adventure",Female,2,2,3.0,1.0,1.0,1.0,1.0,1.0,1.0,0,Nature & Wellness Explorer
972,"City, Historical",Female,2,0,1.0,3.0,1.0,1.0,1.0,1.0,1.0,0,Nature & Wellness Explorer
973,"Beaches, Historical",Female,1,2,4.0,3.0,1.0,1.0,1.0,1.0,1.0,0,Nature & Wellness Explorer
974,"Nature, Adventure",Male,2,1,3.0,1.0,1.0,1.0,1.0,1.0,1.0,0,Nature & Wellness Explorer
975,"City, Historical",Female,1,0,1.0,3.0,1.0,1.0,1.0,1.0,1.0,0,Nature & Wellness Explorer
976,"Beaches, Historical",Male,1,1,4.0,3.0,1.0,1.0,1.0,1.0,1.0,0,Nature & Wellness Explorer
977,"Nature, Adventure",Male,1,1,3.0,1.0,1.0,1.0,1.0,1.0,1.0,0,Nature & Wellness Explorer
978,"City, Historical",Female,2,1,1.0,3.0,1.0,1.0,1.0,1.0,1.0,0,Nature & Wellness Explorer
979,"Beaches, Historical",Male,1,2,4.0,3.0,1.0,1.0,1.0,1.0,1.0,0,Nature & Wellness Explorer
980,"Nature, Adventure",Female,1,1,3.0,1.0,1.0,1.0,1.0,1.0,1.0,0,Nature & Wellness Explorer
981,"City, Historical",Male,1,1,1.0,3.0,1.0,1.0,1.0,1.0,1.0,0,Nature & Wellness Explorer
982,"Beaches, Historical",Female,2,2,4.0,3.0,1.0,1.0,1.0,1.0,1.0,0,Nature & Wellness Explorer
983,"Nature, Adventure",Male,2,1,3.0,1.0,1.0,1.0,1.0,1.0,1.0,0,Nature & Wellness Explorer
984,"City, Historical",Male,2,1,1.0,3.0,1.0,1.0,1.0,1.0,1.0,0,Nature & Wellness Explorer
985,"Beaches, Historical",Male,1,1,4.0,3.0,1.0,1.0,1.0,1.0,1.0,0,Nature & Wellness Explorer
986,"Nature, Adventure",Female,1,2,3.0,1.0,1.0,1.0,1.0,1.0,1.0,0,Nature & Wellness Explorer
987,"City, Historical",Female,2,2,1.0,3.0,1.0,1.0,1.0,1.0,1.0,0,Nature & Wellness Explorer
988,"Beaches, Historical",Male,1,0,4.0,3.0,1.0,1.0,1.0,1.0,1.0,0,Nature & Wellness Explorer
989,"Nature, Adventure",Male,2,1,3.0,1.0,1.0,1.0,1.0,1.0,1.0,0,Nature & Wellness Explorer
990,"City, Historical",Female,2,2,1.0,3.0,1.0,1.0,1.0,1.0,1.0,0,Nature & Wellness Explorer
991,"Beaches, Historical",Female,1,1,4.0,3.0,1.0,1.0,1.0,1.0,1.0,0,Nature & Wellness Explorer
992,"Nature, Adventure",Male,1,2,3.0,1.0,1.0,1.0,1.0,1.0,1.0,0,Nature & Wellness Explorer
993,"City, Historical",Male,1,2,1.0,3.0,1.0,1.0,1.0,1.0,1.0,0,Nature & Wellness Explorer
994,"Beaches, Historical",Male,1,2,4.0,3.0,1.0,1.0,1.0,1.0,1.0,0,Nature & Wellness Explorer
995,"Nature, Adventure",Male,1,0,3.0,1.0,1.0,1.0,1.0,1.0,1.0,0,Nature & Wellness Explorer
996,"City, Historical",Male,1,1,1.0,3.0,1.0,1.0,1.0,1.0,1.0,0,Nature & Wellness Explorer
997,"Beaches, Historical",Male,1,2,4.0,3.0,1.0,1.0,1.0,1.0,1.0,0,Nature & Wellness Explorer
998,"Nature, Adventure",Male,1,1,3.0,1.0,1.0,1.0,1.0,1.0,1.0,0,Nature & Wellness Explorer
999,"City, Historical",Male,2,2,1.0,3.0,1.0,1.0,1.0,1.0,1.0,0,Nature & Wellness Explorer
